_id,regional,endereco,bairro,localidade,descricao,latitude,longitude
1,Sul,Rua Doutor Cйzar Montezuma 46,Ibura,Lagoa Encantada,Бrea de Risco Nнvel 3,-8.128689,-34.950349
2,Sul,Rua Doutor Cйzar Montezuma 76,Ibura,Lagoa Encantada,Бrea de Risco Nнvel 3,-8.128733,-34.950666
3,Sul,Rua Doutor Cйzar Montezuma 86,Ibura,Lagoa Encantada,Бrea de Risco Nнvel 3,-8.128687,-34.950784
4,Sul,Rua Doutor Cйzar Montezuma 56,Ibura,Lagoa Encantada,Deslizamento,-8.128698,-34.950476
5,Sul,Rua Doutor Cйzar Montezuma 95,Ibura,Lagoa Encantada,Бrea de Risco Nнvel 3,-8.128669,-34.950856
6,Sul,Rua Doutor Cйzar Montezuma 106,Ibura,Lagoa Encantada,Ponto de Colocaзгo de Lona,-8.128650,-34.950947
7,Sul,Rua Doutor Cйzar Montezuma 126A,Ibura,Lagoa Encantada,Бrea de Risco Nнvel 3,-8.128613,-34.951119
8,Sul,Rua Doutor Cйzar Montezuma126B,Ibura,Lagoa Encantada,Бrea de Risco Nнvel 3,-8.128604,-34.951174
9,Sul,1 Travessa Doutor Cйzar Montezuma 60,Ibura,Lagoa Encantada,Бrea de Risco Nнvel 3,-8.128322,-34.951426
10,Sul,1 Travessa Doutor Cйzar Montezuma 61,Ibura,Lagoa Encantada,Бrea de Risco Nнvel 3,-8.128313,-34.951417
11,Sul,Rua Doutor Cйzar Montezuma 129,Ibura,Lagoa Encantada,Ponto de Colocaзгo de Lona,-8.128603,-34.951400
12,Sul,Rua Doutor Cйzar Montezuma 136,Ibura,Lagoa Encantada,Бrea de Risco Nнvel 3,-8.128666,-34.951455
13,Sul,Rua Doutor Cйzar Montezuma 140,Ibura,Lagoa Encantada,Бrea de Risco Nнvel 3,-8.128620,-34.951500
14,Sul,Rua Doutor Cйzar Montezuma 146,Ibura,Lagoa Encantada,Бrea de Risco Nнvel 3,-8.128584,-34.951546
15,Sul,Rua Doutor Cйzar Montezuma 142,Ibura,Lagoa Encantada,Бrea de Risco Nнvel 3,-8.128629,-34.951600
16,Sul,Rua Doutor Cйzar Montezuma 145,Ibura,Lagoa Encantada,Бrea de Risco Nнvel 3,-8.128565,-34.951636
17,Sul,Rua Doutor Cйzar Montezuma 147,Ibura,Lagoa Encantada,Ponto de Colocaзгo de Lona,-8.128637,-34.951700
18,Sul,Rua Doutor Cйzar Montezuma 149,Ibura,Lagoa Encantada,Deslizamento,-8.128583,-34.951745
19,Sul,Rua Doutor Cйzar Montezuma 150A,Ibura,Lagoa Encantada,Бrea de Risco Nнvel 3,-8.128601,-34.951782
20,Sul,Rua Doutor Cйzar Montezuma 150B,Ibura,Lagoa Encantada,Бrea de Risco Nнvel 3,-8.128591,-34.951863
21,Sul,Rua Doutor Cйzar Montezuma 154,Ibura,Lagoa Encantada,Ponto de Colocaзгo de Lona,-8.128546,-34.951972
22,Sul,Rua Doutor Cйzar Montezuma 155,Ibura,Lagoa Encantada,Бrea de Risco Nнvel 3,-8.128636,-34.952063
23,Sul,Rua Doutor Cйzar Montezuma 157,Ibura,Lagoa Encantada,Бrea de Risco Nнvel 3,-8.128617,-34.952144
24,Sul,1 Travessa Doutor Cйzar Montezuma 50,Ibura,Lagoa Encantada,Бrea de Risco Nнvel 3,-8.128315,-34.951100
25,Sul,1 Travessa Doutor Cйzar Montezuma 53,Ibura,Lagoa Encantada,Бrea de Risco Nнvel 3,-8.128352,-34.950846
26,Sul,1 Travessa Doutor Cйzar Montezuma 79,Ibura,Lagoa Encantada,Бrea de Risco Nнvel 3,-8.128362,-34.950674
27,Sul,1 Travessa Doutor Cйzar Montezuma 80,Ibura,Lagoa Encantada,Бrea de Risco Nнvel 3,-8.128380,-34.950628
28,Sul,1 Travessa Doutor Cйzar Montezuma 150,Ibura,Lagoa Encantada,Бrea de Risco Nнvel 3,-8.128188,-34.951217
29,Sul,1 Travessa Doutor Cйzar Montezuma 155,Ibura,Lagoa Encantada,Бrea de Risco Nнvel 3,-8.128153,-34.951017
30,Sul,1 Travessa Doutor Cйzar Montezuma 65,Ibura,Lagoa Encantada,Бrea de Risco Nнvel 3,-8.128126,-34.950890
31,Sul,Rua Bonerges Pereira n 15B,Jordгo,Jordгo Baixo,Бrea de Risco Nнvel 3,-8.136769,-34.939501
32,Sul,Rua Bonerges Pereira n 16B,Jordгo,Jordгo Baixo,Бrea de Risco Nнvel 3,-8.136778,-34.939492
33,Sul,Rua Bonerges Pereira n 16,Jordгo,Jordгo Baixo,Бrea de Risco Nнvel 3,-8.136968,-34.939429
34,Sul,Rua Bonerges Pereira n 89,Jordгo,Jordгo Baixo,Бrea de Risco Nнvel 3,-8.136969,-34.939356
35,Sul,Rua Bonerges Pereira n 20C,Jordгo,Jordгo Baixo,Бrea de Risco Nнvel 3,-8.136969,-34.939320
36,Sul,Rua Bonerges Pereira n 11BCD e E,Jordгo,Jordгo Baixo,Бrea de Risco Nнvel 3,-8.136951,-34.939284
37,Sul,Rua Bonerges Pereira n 09,Jordгo,Jordгo Baixo,Бrea de Risco Nнvel 3,-8.136662,-34.939237
38,Sul,Rua Bonerges Pereira n 85,Jordгo,Jordгo Baixo,Бrea de Risco Nнvel 3,-8.136970,-34.939048
39,Sul,Rua Bonerges Pereira n 84,Jordгo,Jordгo Baixo,Бrea de Risco Nнvel 3,-8.136961,-34.938975
40,Sul,Rua Bonerges Pereira n 83,Jordгo,Jordгo Baixo,Бrea de Risco Nнvel 3,-8.136943,-34.938930
41,Sul,Rua Bonerges Pereira n 82,Jordгo,Jordгo Baixo,Бrea de Risco Nнvel 3,-8.136926,-34.938857
42,Sul,Rua Bonerges Pereira n 81AB e C,Jordгo,Jordгo Baixo,Бrea de Risco Nнvel 3,-8.136917,-34.938785
43,Sul,"Rua Bonerges Pereira n S/N Em Const,",Jordгo,Jordгo Baixo,Бrea de Risco Nнvel 3,-8.136936,-34.938694
44,Sul,Rua Bonerges Pereira n 24,Jordгo,Jordгo Baixo,Бrea de Risco Nнvel 3,-8.137098,-34.940573
45,Sul,Rua Bonerges Pereira n 24A,Jordгo,Jordгo Baixo,Бrea de Risco Nнvel 3,-8.137098,-34.940564
46,Sul,Rua Bonerges Pereira n 25A,Jordгo,Jordгo Baixo,Бrea de Risco Nнvel 3,-8.137081,-34.940500
47,Sul,Rua Bonerges Pereira n 127,Jordгo,Jordгo Baixo,Бrea de Risco Nнvel 3,-8.137072,-34.940418
48,Sul,Rua Bonerges Pereira n 23C,Jordгo,Jordгo Baixo,Бrea de Risco Nнvel 3,-8.137072,-34.940328
49,Sul,Rua Bonerges Pereira n 22A,Jordгo,Jordгo Baixo,Бrea de Risco Nнvel 3,-8.137046,-34.940182
50,Sul,Rua Bonerges Pereira n Entre 22A e 22B,Jordгo,Jordгo Baixo,Бrea de Risco Nнvel 3,-8.137046,-34.940110
51,Sul,Rua Bonerges Pereira n 21B,Jordгo,Jordгo Baixo,Бrea de Risco Nнvel 3,-8.137047,-34.940074
52,Sul,Rua Bonerges Pereira n 21,Jordгo,Jordгo Baixo,Бrea de Risco Nнvel 3,-8.137051,-34.939121
53,Sul,Rua Bonerges Pereira n 21A,Jordгo,Jordгo Baixo,Бrea de Risco Nнvel 3,-8.137056,-34.939992
54,Sul,Rua Bonerges Pereira n 20D,Jordгo,Jordгo Baixo,Бrea de Risco Nнvel 3,-8.137057,-34.939874
55,Sul,Rua Bonerges Pereira n 19A,Jordгo,Jordгo Baixo,Бrea de Risco Nнvel 3,-8.136984,-34.939846
56,Sul,Rua Bonerges Pereira n 14A,Jordгo,Jordгo Baixo,Бrea de Risco Nнvel 3,-8.137013,-34.939583
57,Sul,Rua Bonerges Pereira n 15A,Jordгo,Jordгo Baixo,Бrea de Risco Nнvel 3,-8.136995,-34.939529
58,Sul,Rua Bonerges Pereira n 1080,Jordгo,Jordгo Baixo,Бrea de Risco Nнvel 3,-8.138010,-34.944714
59,Sul,Rua Bonerges Pereira n 1080A,Jordгo,Jordгo Baixo,Бrea de Risco Nнvel 3,-8.137992,-34.944705
60,Sul,Rua Bonerges Pereira n 1076,Jordгo,Jordгo Baixo,Бrea de Risco Nнvel 3,-8.137974,-34.944678
61,Sul,Rua Bonerges Pereira n 1074,Jordгo,Jordгo Baixo,Бrea de Risco Nнvel 3,-8.137965,-34.944660
62,Sul,Rua Bonerges Pereira n 1072,Jordгo,Jordгo Baixo,Бrea de Risco Nнvel 3,-8.137893,-34.944523
63,Sul,Rua Bonerges Pereira n 1070,Jordгo,Jordгo Baixo,Бrea de Risco Nнvel 3,-8.137848,-34.944459
64,Sul,Rua Bonerges Pereira n 1068,Jordгo,Jordгo Baixo,Бrea de Risco Nнvel 3,-8.137794,-34.944432
65,Sul,Rua Bonerges Pereira n 1066,Jordгo,Jordгo Baixo,Бrea de Risco Nнvel 3,-8.137731,-34.944377
66,Sul,Rua Bonerges Pereira n 1040,Jordгo,Jordгo Baixo,Бrea de Risco Nнvel 3,-8.137659,-34.944304
67,Sul,Rua Bonerges Pereira n 1040A,Jordгo,Jordгo Baixo,Бrea de Risco Nнvel 3,-8.137641,-34.944304
68,Sul,Rua Bonerges Pereira n 1054,Jordгo,Jordгo Baixo,Бrea de Risco Nнvel 3,-8.137578,-34.944259
69,Sul,Rua Bonerges Pereira n 1050,Jordгo,Jordгo Baixo,Бrea de Risco Nнvel 3,-8.137524,-34.944158
70,Sul,Rua Bonerges Pereira n 1050A,Jordгo,Jordгo Baixo,Бrea de Risco Nнvel 3,-8.137515,-34.944149
71,Sul,Rua Bonerges Pereira n 1071,Jordгo,Jordгo Baixo,Бrea de Risco Nнvel 3,-8.137524,-34.944140
72,Sul,Rua Bonerges Pereira n 1069A,Jordгo,Jordгo Baixo,Бrea de Risco Nнvel 3,-8.137524,-34.944131
73,Sul,Rua Bonerges Pereira n 1069,Jordгo,Jordгo Baixo,Бrea de Risco Nнvel 3,-8.137498,-34.944049
74,Sul,Rua Bonerges Pereira n 1069AB,Jordгo,Jordгo Baixo,Бrea de Risco Nнvel 3,-8.137462,-34.943986
75,Sul,Rua Bonerges Pereira n 1069B,Jordгo,Jordгo Baixo,Бrea de Risco Nнvel 3,-8.137444,-34.943931
76,Sul,Rua Bonerges Pereira n 106916026,Jordгo,Jordгo Baixo,Бrea de Risco Nнvel 3,-8.137079,-34.940745
77,Sul,Rua Bonerges Pereira n 25-Q-2A,Jordгo,Jordгo Baixo,Бrea de Risco Nнvel 3,-8.137107,-34.940673
78,Sul,Rua Dezessete n 15,Jordгo,Jordгo Baixo,Бrea de Risco Nнvel 3,-8.137191,-34.943867
79,Sul,Rua Dezessete n 25,Jordгo,Jordгo Baixo,Бrea de Risco Nнvel 3,-8.137191,-34.943876
80,Sul,Rua Dezessete n 35,Jordгo,Jordгo Baixo,Бrea de Risco Nнvel 3,-8.137110,-34.943866
81,Sul,Rua Dezessete n 45,Jordгo,Jordгo Baixo,Бrea de Risco Nнvel 3,-8.137046,-34.943875
82,Sul,Rua Dezessete n 55,Jordгo,Jordгo Baixo,Бrea de Risco Nнvel 3,-8.136983,-34.943884
83,Sul,Rua Rio Espera613,Ibura,Ibura de Baixo,Ponto de Colocaзгo de Lona,-8.122101,-34.938514
84,Sul,Rua Rio Espera76,Ibura,Ibura de Baixo,Бrea de Risco Nнvel 3,-8.121982,-34.938722
85,Sul,segunda travessa cвndido mendes600,Ibura,Alto da bela vista,Бrea de Risco Nнvel 3,-8.121910,-34.938731
86,Sul,Rua cвndido Mendes20,Ibura,Ibura de Baixo,Бrea de Risco Nнvel 3,-8.121963,-34.938976
87,Sul,Rua Cвndido Mendes619,Ibura,Alto da bela vista,Бrea de Risco Nнvel 3,-8.121945,-34.939003
88,Sul,Rua Cвndido Mendes21,Ibura,Alto da bela vista,Бrea de Risco Nнvel 3,-8.121855,-34.938966
89,Sul,Rua Cвndido Mendes13,Ibura,Alto da bela vista,Бrea de Risco Nнvel 3,-8.121801,-34.938948
90,Sul,Rua Cвndido Mendes12,Ibura,Alto da bela vista,Бrea de Risco Nнvel 3,-8.121746,-34.939029
91,Sul,Rua Cвndido Mendess\n,Ibura,Alto da bela vista,Бrea de Risco Nнvel 3,-8.121620,-34.938929
92,Sul,Rua Francisco Beltrгos\n,Ibura,Alto da bela vista,Ponto de Colocaзгo de Lona,-8.121421,-34.938855
93,Sul,Rua Cвndido Mendes10,Ibura,Alto da bela vista,Бrea de Risco Nнvel 3,-8.121565,-34.939001
94,Sul,Rua Cвndido Mendes11,Ibura,Alto da bela vista,Ponto de Colocaзгo de Lona,-8.121457,-34.939046
95,Sul,Rua Cвndido Mendes10,Ibura,Alto da bela vista,Ponto de Colocaзгo de Lona,-8.121502,-34.939037
96,Sul,Rua Cвndido Mendess\n,Ibura,Alto da bela vista,Бrea de Risco Nнvel 3,-8.121275,-34.939181
97,Sul,Rua Cвndido Mendes145,Ibura,Alto da bela vista,Ponto de Colocaзгo de Lona,-8.121275,-34.939109
98,Sul,Rua Cвndido Mendes137,Ibura,Alto da bela vista,Бrea de Risco Nнvel 3,-8.121275,-34.939109
99,Sul,Rua Cвndido Mendes12,Ibura,Alto da bela vista,Ponto de Colocaзгo de Lona,-8.121275,-34.939118
100,Sul,Rua Cвndido Mendess\n,Ibura,Alto da bela vista,Ponto de Colocaзгo de Lona,-8.121329,-34.939227
101,Sul,Rua Cвndido Mendes15,Ibura,Alto da bela vista,Бrea de Risco Nнvel 3,-8.121121,-34.939235
102,Sul,Rua Visconde de Azuara11,Ibura,Alto da bela vista,Ponto de Colocaзгo de Lona,-8.122492,-34.940031
103,Sul,Rua Viscode de Azuara12,Ibura,Alto da bela vista,Бrea de Risco Nнvel 3,-8.122564,-34.939959
104,Sul,Rua Visconde de Azuara48,Ibura,Alto da bela vista,Бrea de Risco Nнvel 3,-8.122564,-34.939968
105,Sul,Rua Visconde de Azuara46,Ibura,Alto da bela vista,Бrea de Risco Nнvel 3,-8.122519,-34.939895
106,Sul,Rua Visconde de Azuara04,Ibura,Alto da bela vista,Бrea de Risco Nнvel 3,-8.122592,-34.939886
107,Sul,Rua Visconde de Azuara06,Ibura,Alto da bela vista,Ponto de Colocaзгo de Lona,-8.122538,-34.939831
108,Sul,Rua Visconde de Azuara06,Ibura,Alto da bela vista,Ponto de Colocaзгo de Lona,-8.122674,-34.939787
109,Sul,Rua Visconde de Azuara136,Ibura,Alto da bela vista,Бrea de Risco Nнvel 3,-8.122646,-34.939805
110,Sul,Rua Visconde de Azuara04,Ibura,Alto da bela vista,Бrea de Risco Nнvel 3,-8.122864,-34.939597
111,Sul,Rua Duque Bacelar203,Ibura,Alto da bela vista,Бrea de Risco Nнvel 3,-8.122936,-34.939788
112,Sul,Rua Visconde de Azuaras\n,Ibura,Alto da bela vista,Бrea de Risco Nнvel 3,-8.122874,-34.939416
113,Sul,Rua Rio Espera409,Ibura,Alto da bela vista,Бrea de Risco Nнvel 3,-8.122993,-34.939062
114,Sul,Travessa Rio Espera04,Ibura,Alto da bela vista,Бrea de Risco Nнvel 3,-8.122885,-34.939125
115,Sul,Travessa Rio Espera110,Ibura,Alto da bela vista,Бrea de Risco Nнvel 3,-8.122866,-34.939134
116,Sul,Rua Rio Espera128,Ibura,Alto da bela vista,Бrea de Risco Nнvel 3,-8.123083,-34.939126
117,Sul,Rua Rio Espera124,Ibura,Ibura de Baixo,Бrea de Risco Nнvel 3,-8.122867,-34.939016
118,Sul,Rua Rio Espera640-A,Ibura,Ibura de Baixo,Ponto de Colocaзгo de Lona,-8.122831,-34.939007
119,Sul,Rua Rio Espera638,Ibura,Ibura de Baixo,Бrea de Risco Nнvel 3,-8.122696,-34.938961
120,Sul,Rua Rio Espera633-ab,Ibura,Ibura de Baixo,Бrea de Risco Nнvel 3,-8.122569,-34.938852
121,Sul,Rua Rio Espera617,Ibura,Ibura de Baixo,Бrea de Risco Nнvel 3,-8.122227,-34.938596
122,Sul,Rua Cвndido Mendes16,Ibura,Alto da bela vista,Бrea de Risco Nнvel 3,-8.121167,-34.939199
123,Sul,FLOR DE MARIA N38,Ibura,UR-05,Бrea de Risco Nнvel 3,-8.131105,-34.953663
124,Sul,FLOR DE MARIA NS/N,Ibura,UR-05,Бrea de Risco Nнvel 3,-8.131123,-34.953599
125,Sul,FLOR DE MARIA N42,Ibura,UR-05,Бrea de Risco Nнvel 3,-8.130889,-34.953544
126,Sul,FLOR DE MARIA N60 A,Ibura,UR-05,Бrea de Risco Nнvel 3,-8.130889,-34.953498
127,Sul,FLOR DE MARIA N70 A,Ibura,UR-05,Бrea de Risco Nнvel 3,-8.130744,-34.953479
128,Sul,FLOR DE MARIA N88,Ibura,UR-05,Бrea de Risco Nнvel 3,-8.130564,-34.953406
129,Sul,FLOR DE MARIA N 90,Ibura,UR-05,Бrea de Risco Nнvel 3,-8.130528,-34.953415
130,Sul,FLOR DE MARIA N90 A,Ibura,UR-05,Бrea de Risco Nнvel 3,-8.130538,-34.953252
131,Sul,FLOR DE MARIA N 23,Ibura,UR-05,Бrea de Risco Nнvel 3,-8.130520,-34.953233
132,Sul,FLOR DE MARIA N90 B,Ibura,UR-05,Бrea de Risco Nнvel 3,-8.130447,-34.953369
133,Sul,FLOR DE MARIA N101 A,Ibura,UR-05,Бrea de Risco Nнvel 3,-8.130302,-34.953377
134,Sul,FLOR DE MARIA N 140C,Ibura,UR-05,Бrea de Risco Nнvel 3,-8.130085,-34.953295
135,Sul,FLOR DE MARIA N 103 A,Ibura,UR-05,Бrea de Risco Nнvel 3,-8.129995,-34.953176
136,Sul,FLOR DE MARIA N140D,Ibura,UR-05,Бrea de Risco Nнvel 3,-8.129959,-34.953140
137,Sul,FLOR DE MARIA N140A,Ibura,UR-05,Бrea de Risco Nнvel 3,-8.129996,-34.952968
138,Sul,FLOR DE MARIA N25,Ibura,UR-05,Бrea de Risco Nнvel 3,-8.130096,-34.952977
139,Sul,FLOR DE MARIA N23,Ibura,UR-05,Бrea de Risco Nнvel 3,-8.130195,-34.953041
140,Sul,PERSEGUEIROS N240,Ibura,UR-05,Бrea de Risco Nнvel 3,-8.130778,-34.954024
141,Sul,PERSEGUEIROS N43,Ibura,UR-05,Бrea de Risco Nнvel 3,-8.131129,-34.954334
142,Sul,CANDIDO MENDES N16,Ibura,Alto da bela vista,Бrea de Risco Nнvel 4,-8.121166,-34.939290
143,Sul,CANDIDO MENDES N11,Ibura,Alto da bela vista,Бrea de Risco Nнvel 3,-8.121583,-34.938992
144,Sul,AFONSO CUNHA N51,Ibura,Alto da bela vista,Бrea de Risco Nнvel 4,-8.123472,-34.943047
145,Sul,RIO ESPERA N127,Ibura,Alto da bela vista,Бrea de Risco Nнvel 4,-8.123002,-34.939053
146,Sul,RUA SГO JOSЙ DO EGITO N 84,Jordгo,Jordгo Baixo,Бrea de Risco Nнvel 3,-8.135300,-34.938559
147,Sul,RUA SГO JOSЙ DO EGITO Q-Z-N19,Jordгo,Jordгo Baixo,Бrea de Risco Nнvel 3,-8.135417,-34.938551
148,Sul,RUA SГO JOSЙ DO EGITO N18,Jordгo,Jordгo Baixo,Бrea de Risco Nнvel 3,-8.135472,-34.938524
149,Sul,RUA SГO JOSЙ DO EGITO N 17,Jordгo,Jordгo Baixo,Бrea de Risco Nнvel 3,-8.135544,-34.938524
150,Sul,RUA SГO JOSЙ DO EGITO N 16,Jordгo,Jordгo Baixo,Бrea de Risco Nнvel 3,-8.135607,-34.938515
151,Sul,RUA SГO JOSЙ DO EGITO N 15,Jordгo,Jordгo Baixo,Бrea de Risco Nнvel 3,-8.135689,-34.938525
152,Sul,RUA SГO JOSЙ DO EGITOQ-Z-24 N 14,Jordгo,Jordгo Baixo,Бrea de Risco Nнvel 3,-8.135716,-34.938525
153,Sul,RUA SГO JOSЙ DO EGITO N 13,Jordгo,Jordгo Baixo,Бrea de Risco Nнvel 3,-8.135834,-34.938489
154,Sul,RUA SГO JOSЙ DO EGITO N 12,Jordгo,Jordгo Baixo,Бrea de Risco Nнvel 3,-8.135870,-34.938498
155,Sul,RUA SГO JOSЙ DO EGITO N 11,Jordгo,Jordгo Baixo,Бrea de Risco Nнvel 3,-8.135987,-34.938454
156,Sul,RUA SГO JOSЙ DO EGITO N 10,Jordгo,Jordгo Baixo,Бrea de Risco Nнvel 3,-8.136051,-34.938481
157,Sul,RUA SГO JOSЙ DO EGITO N 09,Jordгo,Jordгo Baixo,Бrea de Risco Nнvel 3,-8.136132,-34.938463
158,Sul,RUA SГO JOSЙ DO EGITOQ-24 N 08,Jordгo,Jordгo Baixo,Бrea de Risco Nнvel 3,-8.136186,-34.938500
159,Sul,RUA SГO JOSЙ DO EGITOQ-24 N 07,Jordгo,Jordгo Baixo,Бrea de Risco Nнvel 3,-8.136277,-34.938491
160,Sul,RUA SГO JOSЙ DO EGITO N 06,Jordгo,Jordгo Baixo,Бrea de Risco Nнvel 3,-8.136340,-34.938473
161,Sul,RUA SГO JOSЙ DO EGITO N 05,Jordгo,Jordгo Baixo,Бrea de Risco Nнvel 3,-8.136421,-34.938483
162,Sul,RUA SГO JOSЙ DO EGITO N 04,Jordгo,Jordгo Baixo,Бrea de Risco Nнvel 3,-8.136476,-34.938429
163,Sul,RUA SГO JOSЙ DO EGITO N 03,Jordгo,Jordгo Baixo,Бrea de Risco Nнvel 3,-8.136548,-34.938447
164,Sul,RUA SГO JOSЙ DO EGITO N 02,Jordгo,Jordгo Baixo,Бrea de Risco Nнvel 3,-8.136611,-34.938429
165,Sul,AVENIDA MARIA IRENE N 808,Jordгo,Jordгo Baixo,Бrea de Risco Nнvel 3,-7.236670,-34.925088
166,Sul,RUA CAFARNAUM N 152,Jordгo,Jordгo Baixo,Бrea de Risco Nнvel 3,-8.131538,-34.929287
167,Sul,RUA CAFARNAUM POR TRБS DO  N 152,Jordгo,Jordгo Baixo,Бrea de Risco Nнvel 3,-8.131303,-34.929359
168,Sul,2 TRAVESSA BONERGES PEREIRA M537,Jordгo,Jordгo Baixo,Бrea de Risco Nнvel 3,-8.136392,-34.940914
169,Sul,Rua Serra Talhada N 12,Jordгo,Jordгo Alto,Бrea de Risco Nнvel 3,-8.134205,-34.946356
170,Sul,Rua Serra Talhada N 13,Jordгo,Jordгo Alto,Бrea de Risco Nнvel 3,-8.134141,-34.946401
171,Sul,Rua Serra Talhada N 14,Jordгo,Jordгo Alto,Бrea de Risco Nнvel 3,-8.134105,-34.946437
172,Sul,Rua Serra Talhada N 15,Jordгo,Jordгo Alto,Бrea de Risco Nнvel 3,-8.134051,-34.946482
173,Sul,Rua Serra Talhada N 16,Jordгo,Jordгo Alto,Бrea de Risco Nнvel 3,-8.134014,-34.946537
174,Sul,"Rua Serra TalhadaQ,X12 N 16",Jordгo,Jordгo Alto,Бrea de Risco Nнvel 3,-8.133951,-34.946473
175,Sul,Rua Serra Talhada N 17,Jordгo,Jordгo Alto,Бrea de Risco Nнvel 3,-8.133888,-34.946500
176,Sul,Rua Serra Talhada N 19,Jordгo,Jordгo Alto,Бrea de Risco Nнvel 3,-8.133734,-34.946508
177,Sul,Rua Serra Talhada N 20,Jordгo,Jordгo Alto,Бrea de Risco Nнvel 3,-8.133689,-34.946490
178,Sul,Rua Serra Talhada N 137,Jordгo,Jordгo Alto,Бrea de Risco Nнvel 3,-8.133626,-34.946444
179,Sul,Rua Serra Talhada N ao lado do 137,Jordгo,Jordгo Alto,Бrea de Risco Nнvel 3,-8.133527,-34.946407
180,Sul,Rua Serra Talhada N S/N,Jordгo,Jordгo Alto,Бrea de Risco Nнvel 3,-8.133418,-34.946334
181,Sul,Rua Serra Talhada N S/N,Jordгo,Jordгo Alto,Бrea de Risco Nнvel 3,-8.133301,-34.946297
182,Sul,PARAНSO N 420,Ibura,UR-05,Бrea de Risco Nнvel 2,-8.130602,-34.954794
183,Sul,PARAНSO N 410,Ibura,UR-05,Бrea de Risco Nнvel 2,-8.130494,-34.954812
184,Sul,PARAНSO N325,Ibura,UR-05,Бrea de Risco Nнvel 3,-8.129519,-34.954499
185,Sul,PARAНSO N 306,Ibura,UR-05,Бrea de Risco Nнvel 4,-8.129565,-34.954435
186,Sul,PARAНSO N 300,Ibura,UR-05,Бrea de Risco Nнvel 3,-8.129393,-34.954380
187,Sul,CANADБ N 170,Ibura,UR-05,Бrea de Risco Nнvel 3,-8.129543,-34.955116
188,Sul,CANADБ N 160,Ibura,UR-05,Бrea de Risco Nнvel 3,-8.129543,-34.955116
189,Sul,CANADБ N 158,Ibura,UR-05,Бrea de Risco Nнvel 3,-8.129534,-34.955143
190,Sul,CANADБ N 357,Ibura,UR-05,Бrea de Risco Nнvel 3,-8.129615,-34.955116
191,Sul,CANADБ N 236,Ibura,UR-05,Бrea de Risco Nнvel 2,-8.129733,-34.955126
192,Sul,CANADБ N 125,Ibura,UR-05,Бrea de Risco Nнvel 3,-8.129823,-34.955235
193,Sul,CANADБ N 120,Ibura,UR-05,Бrea de Risco Nнvel 2,-8.129823,-34.955208
194,Sul,CANADБ N 45,Ibura,UR-05,Бrea de Risco Nнvel 2,-8.130328,-34.955437
195,Sul,CANADБ N 55,Ibura,UR-05,Бrea de Risco Nнvel 3,-8.130400,-34.955446
196,Sul,BOM DESTINO N 290,Ibura,UR-05,Бrea de Risco Nнvel 3,-8.131273,-34.956376
197,Sul,BOM DESTINO N 105,Ibura,UR-05,Бrea de Risco Nнvel 2,-8.131481,-34.956431
198,Sul,BOM DESTINO N S/N,Ibura,UR-05,Бrea de Risco Nнvel 2,-8.131742,-34.956659
199,Sul,BOM DESTINO N 05,Ibura,UR-05,Бrea de Risco Nнvel 2,-8.131363,-34.956531
200,Sul,BOM DESTINO N 25,Ibura,UR-05,Бrea de Risco Nнvel 4,-8.131102,-34.956103
201,Sul,BOM DESTINO N 30,Ibura,UR-05,Бrea de Risco Nнvel 4,-8.131139,-34.956076
202,Sul,"TRV, BOM DESTINO N 35",Ibura,UR-05,Бrea de Risco Nнvel 4,-8.131256,-34.956086
203,Sul,BOM DESTINO N 335 A,Ibura,UR-05,Бrea de Risco Nнvel 4,-8.130497,-34.956109
204,Sul,BOM DESTINO N 28,Ibura,UR-05,Бrea de Risco Nнvel 2,-8.130307,-34.956017
205,Sul,BOM DESTINO N 390,Ibura,UR-05,Бrea de Risco Nнvel 2,-8.130207,-34.956198
206,Sul,BOM DESTINO N 409,Ibura,UR-05,Бrea de Risco Nнvel 2,-8.130236,-34.955781
207,Sul,"BOM DESTINO N A, 409",Ibura,UR-05,Бrea de Risco Nнvel 3,-8.130326,-34.955836
208,Sul,"BOM DESTINO N B, 409",Ibura,UR-05,Бrea de Risco Nнvel 2,-8.130182,-34.955799
209,Sul,BOM DESTINO N 50,Ibura,UR-05,Бrea de Risco Nнvel 3,-8.130596,-34.956164
210,Sul,BOM DESTINO N 320,Ibura,UR-05,Бrea de Risco Nнvel 2,-8.130858,-34.956211
211,Sul,BOM DESTINO N 80,Ibura,UR-05,Бrea de Risco Nнvel 3,-8.130984,-34.956338
212,Sul,Rua 5 Travessa Irakitan N 576,Jordгo,Jordгo Alto,Бrea de Risco Nнvel 3,-8.136404,-34.940161
213,Sul,Rua 5 Travessa Irakitan N 576 Em frente,Jordгo,Jordгo Alto,Бrea de Risco Nнvel 3,-8.136404,-34.940161
214,Sul,Rua 5 Travessa Irakitan N 577,Jordгo,Jordгo Alto,Бrea de Risco Nнvel 3,-8.136531,-34.940153
215,Sul,Rua 5 Travessa Irakitan N S/N,Jordгo,Jordгo Alto,Бrea de Risco Nнvel 3,-8.136558,-34.940153
216,Sul,Rua 5 Travessa Irakitan N 583,Jordгo,Jordгo Alto,Бrea de Risco Nнvel 3,-8.136612,-34.940162
217,Sul,Rua 5 Travessa Irakitan N 581,Jordгo,Jordгo Alto,Бrea de Risco Nнvel 3,-8.136621,-34.940162
218,Sul,Rua 5 Travessa Irakitan S/N,Jordгo,Jordгo Alto,Бrea de Risco Nнvel 3,-8.136675,-34.940162
219,Sul,Rua 5 Travessa Irakitan N 589A,Jordгo,Jordгo Alto,Бrea de Risco Nнvel 3,-8.136748,-34.940009
220,Sul,Rua 5 Travessa Irakitan N 589,Jordгo,Jordгo Alto,Бrea de Risco Nнvel 3,-8.136748,-34.940127
221,Sul,Rua 5 Travessa Irakitan N S/N,Jordгo,Jordгo Alto,Бrea de Risco Nнvel 3,-8.136748,-34.940127
222,Sul,Rua 5 Travessa Irakitan N 597,Jordгo,Jordгo Alto,Бrea de Risco Nнvel 3,-8.136865,-34.940136
223,Sul,Rua 5 Travessa Irakitan N S/N,Jordгo,Jordгo Alto,Бrea de Risco Nнvel 3,-8.136820,-34.940145
224,Sul,DOIS LEХES N 42,Ibura,UR-05,Бrea de Risco Nнvel 2,-8.133323,-34.954853
225,Sul,DOIS LEХES N 10,Ibura,UR-05,Бrea de Risco Nнvel 3,-8.133359,-34.954925
226,Sul,DOIS LEХES N 30,Ibura,UR-05,Бrea de Risco Nнvel 3,-8.133377,-34.955016
227,Sul,DOIS LEХES N 25,Ibura,UR-05,Бrea de Risco Nнvel 3,-8.133367,-34.955116
228,Sul,DOIS LEХES N 26,Ibura,UR-05,Бrea de Risco Nнvel 3,-8.133403,-34.955125
229,Sul,DOIS LEХES N 162,Ibura,UR-05,Бrea de Risco Nнvel 3,-8.133557,-34.955090
230,Sul,DOIS LEХES N 190,Ibura,UR-05,Бrea de Risco Nнvel 3,-8.133620,-34.955108
231,Sul,RABILO N 41,Ibura,UR-05,Бrea de Risco Nнvel 3,-8.133107,-34.954616
232,Sul,RABILO N 04,Ibura,UR-05,Бrea de Risco Nнvel 3,-8.133134,-34.954734
233,Sul,RABILO N 40,Ibura,UR-05,Бrea de Risco Nнvel 2,-8.133143,-34.954725
234,Sul,"2 TRV, RABILO N 04",Ibura,UR-05,Бrea de Risco Nнvel 3,-8.133146,-34.954099
235,Sul,"2 TRV, RABILO N 09",Ibura,UR-05,Бrea de Risco Nнvel 3,-8.132531,-34.954114
236,Sul,"2 TRV, RABILO N 192",Ibura,UR-05,Бrea de Risco Nнvel 3,-8.132530,-34.954295
237,Sul,"2 TRV, RABILO N 406",Ibura,UR-05,Бrea de Risco Nнvel 3,-8.132476,-34.954286
238,Sul,"2 TRV, RABILO N 405",Ibura,UR-05,Бrea de Risco Nнvel 3,-8.132503,-34.954395
239,Sul,"2 TRV, RABILO N 404",Ibura,UR-05,Бrea de Risco Nнvel 3,-8.132431,-34.954395
240,Sul,"2 TRV, RABILO N 384 B",Ibura,UR-05,Бrea de Risco Nнvel 3,-8.132476,-34.954422
241,Sul,"2 TRV, RABILO N 384 A",Ibura,UR-05,Бrea de Risco Nнvel 3,-8.132484,-34.954495
242,Sul,"2 TRV, RABILO N 87 A",Ibura,UR-05,Бrea de Risco Nнvel 3,-8.132484,-34.954622
243,Sul,"2 TRV, RABILO N 87 B",Ibura,UR-05,Бrea de Risco Nнvel 3,-8.132570,-34.957271
244,Sul,RABILO N 384,Ibura,UR-05,Бrea de Risco Nнvel 3,-8.132393,-34.954712
245,Sul,RABILO N 382,Ibura,UR-05,Бrea de Risco Nнvel 3,-8.132429,-34.954767
246,Sul,RABILO N 345,Ibura,UR-05,Бrea de Risco Nнvel 3,-8.132401,-34.954821
247,Sul,RABILO N 381,Ibura,UR-05,Бrea de Risco Nнvel 3,-8.132483,-34.954830
248,Sul,RABILO N 344,Ibura,UR-05,Бrea de Risco Nнvel 3,-8.132482,-34.954912
249,Sul,RABILO N 402,Ibura,UR-05,Бrea de Risco Nнvel 3,-8.132267,-34.954603
250,Sul,RABILO N 461,Ibura,UR-05,Бrea de Risco Nнvel 3,-8.132267,-34.954603
251,Sul,RABILO N 410,Ibura,UR-05,Бrea de Risco Nнvel 3,-8.132106,-34.954266
252,Sul,RABILO N 408,Ibura,UR-05,Бrea de Risco Nнvel 3,-8.132241,-34.954285
253,Sul,RABILO N 460,Ibura,UR-05,Бrea de Risco Nнvel 3,-8.132142,-34.954130
254,Sul,RABILO N 471,Ibura,UR-05,Бrea de Risco Nнvel 3,-8.131826,-34.954129
255,Sul,Rua Cйsio Regueiro Costa N 25,Jordгo,Costa Porto,Бrea de Risco Nнvel 3,-8.132487,-34.934989
256,Sul,Rua Cйsio Regueiro Costa N 35,Jordгo,Costa Porto,Бrea de Risco Nнvel 3,-8.132469,-34.934953
257,Sul,Rua Cйsio Regueiro Costa N 45,Jordгo,Costa Porto,Бrea de Risco Nнvel 3,-8.132433,-34.934925
258,Sul,Rua Cйsio Regueiro Costa N 36,Jordгo,Costa Porto,Бrea de Risco Nнvel 3,-8.132532,-34.935017
259,Sul,"Rua Professor Manoel A, Morais  N 05",Jordгo,Costa Porto,Бrea de Risco Nнvel 3,-8.132452,-34.934898
260,Sul,"Rua Professor Manoel A, Morais  N 1112",Jordгo,Costa Porto,Бrea de Risco Nнvel 3,-8.132534,-34.934754
261,Sul,"Rua Professor Manoel A, Morais  N S/N",Jordгo,Costa Porto,Бrea de Risco Nнvel 3,-8.132597,-34.934672
262,Sul,Rua ConSul Joseph Noujain  N 64,Jordгo,Costa Porto,Бrea de Risco Nнvel 3,-8.132743,-34.934355
263,Sul,Rua ConSul Joseph Noujain  N 23,Jordгo,Costa Porto,Бrea de Risco Nнvel 3,-8.132680,-34.934310
264,Sul,Rua ConSul Joseph Noujain  N 64,Jordгo,Costa Porto,Бrea de Risco Nнvel 3,-8.132680,-34.934391
265,Sul,Rua Maripousa N 10,Jordгo,Costa Porto,Бrea de Risco Nнvel 3,-8.132300,-34.934408
266,Sul,Rua Maripousa N 10A,Jordгo,Costa Porto,Бrea de Risco Nнvel 3,-8.132337,-34.934353
267,Sul,Rua Maripousa N 10 -ao lado,Jordгo,Costa Porto,Бrea de Risco Nнvel 3,-8.132373,-34.934272
268,Sul,Rua Colфnia N 143A,Ibura,Vila do Sesi,Nгo Informado,-8.108657,-34.942532
269,Sul,Rua Monsenhor Joгo Olimpio dos Santos n 30,Ibura,Vila do Sesi,Nгo Informado,-8.108611,-34.942649
270,Sul,Rua Monsenhor Joгo Olimpio dos Santos n 555,Ibura,Vila do Sesi,Бrea de Risco Nнvel 3,-8.108656,-34.942595
271,Sul,Rua Monsenhor Joгo Olimpio dos Santos n 10,Ibura,Vila do Sesi,Бrea de Risco Nнvel 3,-8.108701,-34.942623
272,Sul,Rua Monsenhor Joгo Olimpio dos Santos n S/N,Ibura,Vila do Sesi,Бrea de Risco Nнvel 3,-8.108765,-34.942650
273,Sul,Rua Monsenhor Joгo Olimpio dos Santos n S/N,Ibura,Vila do Sesi,Бrea de Risco Nнvel 3,-8.108520,-34.942722
274,Sul,Rua Monsenhor Joгo Olimpio dos Santos n S/N,Ibura,Vila do Sesi,Бrea de Risco Nнvel 3,-8.108601,-34.942749
275,Sul,Rua Monsenhor Joгo Olimpio dos Santos n 92,Ibura,Vila do Sesi,Бrea de Risco Nнvel 3,-8.108610,-34.942795
276,Sul,Rua Monsenhor Joгo Olimpio dos Santos n S/N,Ibura,Vila do Sesi,Бrea de Risco Nнvel 3,-8.108574,-34.942803
277,Sul,Rua Monsenhor Joгo Olimpio dos Santos n S/N,Ibura,Vila do Sesi,Бrea de Risco Nнvel 3,-8.108601,-34.942749
278,Sul,Rua Monsenhor Joгo Olimpio dos Santos n 82,Ibura,Vila do Sesi,Бrea de Risco Nнvel 3,-8.108692,-34.942804
279,Sul,Rua Monsenhor Joгo Olimpio dos Santos n 82A,Ibura,Vila do Sesi,Бrea de Risco Nнvel 3,-8.108701,-34.942804
280,Sul,Rua Monsenhor Joгo Olimpio dos Santos n 83,Ibura,Vila do Sesi,Бrea de Risco Nнvel 3,-8.108790,-34.942950
281,Sul,Rua Monsenhor Joгo Olimpio dos Santos n S/N,Ibura,Vila do Sesi,Nгo Informado,-8.108611,-34.942622
282,Sul,Rua Monsenhor Joгo Olimpio dos Santos n 93,Ibura,Vila do Sesi,Nгo Informado,-8.108620,-34.942595
283,Sul,"Rua 4 TRAV, IRAKITANN 533",Jordгo,Jordгo Alto,Бrea de Risco Nнvel 3,-8.136664,-34.940734
284,Sul,"Rua 4 TRAV, IRAKITANN 531",Jordгo,Jordгo Alto,Бrea de Risco Nнvel 3,-8.136682,-34.940725
285,Sul,"Rua 4 TRAV, IRAKITANN 09",Jordгo,Jordгo Alto,Бrea de Risco Nнvel 3,-8.136573,-34.940743
286,Sul,"Rua 4 TRAV, IRAKITANN 10",Jordгo,Jordгo Alto,Бrea de Risco Nнvel 3,-8.136582,-34.940752
287,Sul,"Rua 4 TRAV, IRAKITANN 539A",Jordгo,Jordгo Alto,Бrea de Risco Nнvel 3,-8.136682,-34.940689
288,Sul,"Rua 4 TRAV, IRAKITANN 535A",Jordгo,Jordгo Alto,Бrea de Risco Nнvel 3,-8.136664,-34.940580
289,Sul,"Rua 4 TRAV, IRAKITANN 532",Jordгo,Jordгo Alto,Бrea de Risco Nнvel 3,-8.136692,-34.940544
290,Sul,"Rua 4 TRAV, IRAKITANN 525",Jordгo,Jordгo Alto,Бrea de Risco Nнvel 3,-8.136592,-34.940507
291,Sul,"Rua 4 TRAV, IRAKITANN 521",Jordгo,Jordгo Alto,Бrea de Risco Nнvel 3,-8.136783,-34.940372
292,Sul,"Rua 4 TRAV, IRAKITANN 535B",Jordгo,Jordгo Alto,Бrea de Risco Nнvel 3,-8.136890,-34.940581
293,Sul,"Rua 4 TRAV, IRAKITANN 520",Jordгo,Jordгo Alto,Бrea de Risco Nнvel 3,-8.136756,-34.940381
294,Sul,"Rua 4 TRAV, IRAKITANN 513",Jordгo,Jordгo Alto,Бrea de Risco Nнvel 3,-8.136755,-34.940435
295,Sul,"Rua 4 TRAV, IRAKITANN EM FRENTE A 539",Jordгo,Jordгo Alto,Бrea de Risco Nнvel 3,-8.136847,-34.940263
296,Sul,"Rua 2 TRAV, BONERGES PEREIRAN 539 EM FRENTE",Jordгo,Jordгo Alto,Бrea de Risco Nнvel 3,-8.136329,-34.940751
297,Sul,"Rua 2 TRAV, BONERGES PEREIRAN 539",Jordгo,Jordгo Alto,Бrea de Risco Nнvel 3,-8.136347,-34.940805
298,Sul,"Rua 2 TRAV, BONERGES PEREIRAN 539 457",Jordгo,Jordгo Alto,Бrea de Risco Nнvel 3,-8.136356,-34.940814
299,Sul,"Rua 2 TRAV, BONERGES PEREIRAN 539 541",Jordгo,Jordгo Alto,Бrea de Risco Nнvel 3,-8.136374,-34.940869
300,Sul,"AV, DONA CARENTINA N 685 AB",Jordгo,Jordгo Alto,Бrea de Risco Nнvel 3,-8.135425,-34.938904
301,Sul,"AV, DONA CARENTINA N 686",Jordгo,Jordгo Alto,Бrea de Risco Nнvel 3,-8.135479,-34.938914
302,Sul,"AV, DONA CARENTINA N 687",Jordгo,Jordгo Alto,Бrea de Risco Nнvel 3,-8.135506,-34.938887
303,Sul,"AV, DONA CARENTINA N 688",Jordгo,Jordгo Alto,Бrea de Risco Nнvel 3,-8.135651,-34.938887
304,Sul,"AV, DONA CARENTINA N 689",Jordгo,Jordгo Alto,Бrea de Risco Nнvel 3,-8.135579,-34.938896
305,Sul,"AV, DONA CARENTINA N 683",Jordгo,Jordгo Alto,Бrea de Risco Nнvel 3,-8.134756,-34.938901
306,Sul,"2 TRAV, DONA CARENTINA S/N",Jordгo,Jordгo Alto,Бrea de Risco Nнvel 3,-8.135723,-34.938997
307,Sul,"2 TRAV, DONA CARENTINA N 681",Jordгo,Jordгo Alto,Бrea de Risco Nнvel 3,-8.135840,-34.939015
308,Sul,"2 TRAV, DONA CARENTINA N S/N",Jordгo,Jordгo Alto,Бrea de Risco Nнvel 3,-8.135913,-34.939007
309,Sul,"2 TRAV, DONA CARENTINA N 681A",Jordгo,Jordгo Alto,Бrea de Risco Nнvel 3,-8.135994,-34.939007
310,Sul,"2 TRAV, DONA CARENTINA N 687",Jordгo,Jordгo Alto,Бrea de Risco Nнvel 3,-8.136093,-34.938998
311,Sul,"2 TRAV, DONA CARENTINA N 691",Jordгo,Jordгo Alto,Бrea de Risco Nнvel 3,-8.136148,-34.939017
312,Sul,"2 TRAV, DONA CARENTINA N 695B",Jordгo,Jordгo Alto,Бrea de Risco Nнvel 3,-8.136193,-34.939044
313,Sul,"2 TRAV, DONA CARENTINA N 692",Jordгo,Jordгo Alto,Бrea de Risco Nнvel 3,-8.136292,-34.939108
314,Sul,"2 TRAV, DONA CARENTINA N S/N",Jordгo,Jordгo Alto,Бrea de Risco Nнvel 3,-8.136328,-34.939000
315,Sul,"2 TRAV, DONA CARENTINA N 697",Jordгo,Jordгo Alto,Бrea de Risco Nнvel 3,-8.136374,-34.939018
316,Sul,"2 TRAV, DONA CARENTINA N S/N",Jordгo,Jordгo Alto,Бrea de Risco Nнvel 3,-8.136356,-34.938963
317,Sul,"2 TRAV, DONA CARENTINA N 701",Jordгo,Jordгo Alto,Бrea de Risco Nнvel 3,-8.136374,-34.938954
318,Sul,"2 TRAV, DONA CARENTINA N S/N",Jordгo,Jordгo Alto,Бrea de Risco Nнvel 3,-8.136383,-34.938936
319,Sul,"2 TRAV, DONA CARENTINA N 705",Jordгo,Jordгo Alto,Бrea de Risco Nнvel 3,-8.136483,-34.938873
320,Sul,"2 TRAV, DONA CARENTINA N 705A",Jordгo,Jordгo Alto,Бrea de Risco Nнvel 3,-8.136438,-34.938764
321,Sul,"2 TRAV, DONA CARENTINA N 710",Jordгo,Jordгo Alto,Бrea de Risco Nнvel 3,-8.136510,-34.938765
322,Sul,"2 TRAV, DONA CARENTINA N S/N",Jordгo,Jordгo Alto,Бrea de Risco Nнvel 3,-8.136402,-34.938764
323,Sul,"2 TRAV, DONA CARENTINA N 60",Jordгo,Jordгo Alto,Бrea de Risco Nнvel 3,-8.136348,-34.938764
324,Sul,"2 TRAV, DONA CARENTINA N 70",Jordгo,Jordгo Alto,Бrea de Risco Nнvel 3,-8.136275,-34.938772
325,Sul,"2 TRAV, DONA CARENTINA N S/N",Jordгo,Jordгo Alto,Бrea de Risco Nнvel 3,-8.136221,-34.938790
326,Sul,"2 TRAV, DONA CARENTINA N 23",Jordгo,Jordгo Alto,Бrea de Risco Nнvel 3,-8.135559,-34.939232
327,Sul,"2 TRAV, DONA CARENTINA N 25",Jordгo,Jordгo Alto,Бrea de Risco Nнvel 3,-8.135487,-34.939213
328,Sul,"2 TRAV, DONA CARENTINA N 20B",Jordгo,Jordгo Alto,Бrea de Risco Nнvel 3,-8.135469,-34.939159
329,Sul,"2 TRAV, DONA CARENTINA N 350",Jordгo,Jordгo Alto,Бrea de Risco Nнvel 3,-8.135424,-34.939122
330,Sul,"2 TRAV, DONA CARENTINA N 201",Jordгo,Jordгo Alto,Бrea de Risco Nнvel 3,-8.135406,-34.939113
331,Sul,"2 TRAV, DONA CARENTINA N 06",Jordгo,Jordгo Alto,Бrea de Risco Nнvel 3,-8.135334,-34.939004
332,Sul,"2 TRAV, DONA CARENTINA N 02",Jordгo,Jordгo Alto,Бrea de Risco Nнvel 3,-8.135280,-34.938931
333,Sul,"2 TRAV, DONA CARENTINA N 8A",Jordгo,Jordгo Alto,Бrea de Risco Nнvel 3,-8.135235,-34.938913
334,Sul,"2 TRAV, DONA CARENTINA N 8F",Jordгo,Jordгo Alto,Бrea de Risco Nнvel 3,-8.135199,-34.938822
335,Sul,"AV, DONA CARENTINA N 685 AB",Jordгo,Jordгo Alto,Бrea de Risco Nнvel 3,-8.135425,-34.938904
336,Sul,"AV, DONA CARENTINA N 686",Jordгo,Jordгo Alto,Бrea de Risco Nнvel 3,-8.135479,-34.938914
337,Sul,"AV, DONA CARENTINA N 687",Jordгo,Jordгo Alto,Бrea de Risco Nнvel 3,-8.135506,-34.938887
338,Sul,"AV, DONA CARENTINA N 688",Jordгo,Jordгo Alto,Бrea de Risco Nнvel 3,-8.135651,-34.938887
339,Sul,"AV, DONA CARENTINA N 689",Jordгo,Jordгo Alto,Бrea de Risco Nнvel 3,-8.135579,-34.938896
340,Sul,"AV, DONA CARENTINA N 683",Jordгo,Jordгo Alto,Бrea de Risco Nнvel 3,-8.134756,-34.938901
341,Sul,"2 TRAV, DONA CARENTINA S/N",Jordгo,Jordгo Alto,Бrea de Risco Nнvel 3,-8.135723,-34.938997
342,Sul,"2 TRAV, DONA CARENTINA N 681",Jordгo,Jordгo Alto,Бrea de Risco Nнvel 3,-8.135840,-34.939015
343,Sul,"2 TRAV, DONA CARENTINA N S/N",Jordгo,Jordгo Alto,Бrea de Risco Nнvel 3,-8.135913,-34.939007
344,Sul,"2 TRAV, DONA CARENTINA N 681A",Jordгo,Jordгo Alto,Бrea de Risco Nнvel 3,-8.135994,-34.939007
345,Sul,"2 TRAV, DONA CARENTINA N 687",Jordгo,Jordгo Alto,Бrea de Risco Nнvel 3,-8.136093,-34.938998
346,Sul,"2 TRAV, DONA CARENTINA N 691",Jordгo,Jordгo Alto,Бrea de Risco Nнvel 3,-8.136148,-34.939017
347,Sul,"2 TRAV, DONA CARENTINA N 695B",Jordгo,Jordгo Alto,Бrea de Risco Nнvel 3,-8.136193,-34.939044
348,Sul,"2 TRAV, DONA CARENTINA N 692",Jordгo,Jordгo Alto,Бrea de Risco Nнvel 3,-8.136292,-34.939108
349,Sul,"2 TRAV, DONA CARENTINA N S/N",Jordгo,Jordгo Alto,Бrea de Risco Nнvel 3,-8.136328,-34.939000
350,Sul,"2 TRAV, DONA CARENTINA N 697",Jordгo,Jordгo Alto,Бrea de Risco Nнvel 3,-8.136374,-34.939018
351,Sul,"2 TRAV, DONA CARENTINA N S/N",Jordгo,Jordгo Alto,Бrea de Risco Nнvel 3,-8.136356,-34.938963
352,Sul,"2 TRAV, DONA CARENTINA N 701",Jordгo,Jordгo Alto,Бrea de Risco Nнvel 3,-8.136374,-34.938954
353,Sul,"2 TRAV, DONA CARENTINA N S/N",Jordгo,Jordгo Alto,Бrea de Risco Nнvel 3,-8.136383,-34.938936
354,Sul,"2 TRAV, DONA CARENTINA N 705",Jordгo,Jordгo Alto,Бrea de Risco Nнvel 3,-8.136483,-34.938873
355,Sul,"2 TRAV, DONA CARENTINA N 705A",Jordгo,Jordгo Alto,Бrea de Risco Nнvel 3,-8.136438,-34.938764
356,Sul,"2 TRAV, DONA CARENTINA N 710",Jordгo,Jordгo Alto,Бrea de Risco Nнvel 3,-8.136510,-34.938765
357,Sul,"2 TRAV, DONA CARENTINA N S/N",Jordгo,Jordгo Alto,Бrea de Risco Nнvel 3,-8.136402,-34.938764
358,Sul,"2 TRAV, DONA CARENTINA N 60",Jordгo,Jordгo Alto,Бrea de Risco Nнvel 3,-8.136348,-34.938764
359,Sul,"2 TRAV, DONA CARENTINA N 70",Jordгo,Jordгo Alto,Бrea de Risco Nнvel 3,-8.136275,-34.938772
360,Sul,"2 TRAV, DONA CARENTINA N S/N",Jordгo,Jordгo Alto,Бrea de Risco Nнvel 3,-8.136221,-34.938790
361,Sul,"2 TRAV, DONA CARENTINA N 23",Jordгo,Jordгo Alto,Бrea de Risco Nнvel 3,-8.135559,-34.939232
362,Sul,"2 TRAV, DONA CARENTINA N 25",Jordгo,Jordгo Alto,Бrea de Risco Nнvel 3,-8.135487,-34.939213
363,Sul,"2 TRAV, DONA CARENTINA N 20B",Jordгo,Jordгo Alto,Бrea de Risco Nнvel 3,-8.135469,-34.939159
364,Sul,"2 TRAV, DONA CARENTINA N 350",Jordгo,Jordгo Alto,Бrea de Risco Nнvel 3,-8.135424,-34.939122
365,Sul,"2 TRAV, DONA CARENTINA N 201",Jordгo,Jordгo Alto,Бrea de Risco Nнvel 3,-8.135406,-34.939113
366,Sul,"2 TRAV, DONA CARENTINA N 06",Jordгo,Jordгo Alto,Бrea de Risco Nнvel 3,-8.135334,-34.939004
367,Sul,"2 TRAV, DONA CARENTINA N 02",Jordгo,Jordгo Alto,Бrea de Risco Nнvel 3,-8.135280,-34.938931
368,Sul,"2 TRAV, DONA CARENTINA N 8A",Jordгo,Jordгo Alto,Бrea de Risco Nнvel 3,-8.135235,-34.938913
369,Sul,"2 TRAV, DONA CARENTINA N 8F",Jordгo,Jordгo Alto,Бrea de Risco Nнvel 3,-8.135199,-34.938822
370,Sul,Rua Cafarnaum n 167,Jordгo,Jordгo Baixo,Бrea de Risco Nнvel 3,-8.138517,-34.929411
371,Sul,Rua Cafarnaum n 03,Jordгo,Jordгo Baixo,Бrea de Risco Nнvel 3,-8.138507,-34.929466
372,Sul,Rua Cafarnaum n 167 B,Jordгo,Jordгo Baixo,Бrea de Risco Nнvel 3,-8.138471,-34.929502
373,Sul,Rua Cafarnaum n  205,Jordгo,Jordгo Baixo,Бrea de Risco Nнvel 3,-8.138471,-34.929502
374,Sul,Rua Cafarnaum n 207,Jordгo,Jordгo Baixo,Бrea de Risco Nнvel 3,-8.138453,-34.929511
375,Sul,Rua Cafarnaum n 68,Jordгo,Jordгo Baixo,Бrea de Risco Nнvel 3,-8.138381,-34.929519
376,Sul,Rua Cafarnaum n  217,Jordгo,Jordгo Baixo,Бrea de Risco Nнvel 3,-8.138344,-34.929528
377,Sul,Rua Cafarnaum n 38,Jordгo,Jordгo Baixo,Бrea de Risco Nнvel 3,-8.137992,-34.929518
378,Sul,Rua Cafarnaum n 108,Jordгo,Jordгo Baixo,Бrea de Risco Nнvel 3,-8.137992,-34.929499
379,Sul,Rua Cafarnaum n 72,Jordгo,Jordгo Baixo,Бrea de Risco Nнvel 3,-8.138272,-34.929519
380,Sul,Rua Cafarnaum n 229,Jordгo,Jordгo Baixo,Бrea de Risco Nнvel 3,-8.138245,-34.929510
381,Sul,Rua Cafarnaum n 74,Jordгo,Jordгo Baixo,Бrea de Risco Nнvel 3,-8.138182,-34.929509
382,Sul,Rua Cafarnaum n 232,Jordгo,Jordгo Baixo,Бrea de Risco Nнvel 3,-8.138173,-34.929509
383,Sul,Rua Cafarnaum n 76,Jordгo,Jordгo Baixo,Бrea de Risco Nнvel 3,-8.138127,-34.929509
384,Sul,Rua Cafarnaum n 82,Jordгo,Jordгo Baixo,Бrea de Risco Nнvel 3,-8.138073,-34.929509
385,Sul,Rua Cafarnaum n 233,Jordгo,Jordгo Baixo,Бrea de Risco Nнvel 3,-8.138055,-34.929518
386,Sul,Rua Cafarnaum n 235,Jordгo,Jordгo Baixo,Бrea de Risco Nнvel 3,-8.138001,-34.929527
387,Sul,Rua Cafarnaum n 235 A,Jordгo,Jordгo Baixo,Бrea de Risco Nнvel 3,-8.138001,-34.929527
388,Sul,Rua Cafarnaum n 235 B,Jordгo,Jordгo Baixo,Бrea de Risco Nнvel 3,-8.138001,-34.929527
389,Sul,Rua Cafarnaum n 237,Jordгo,Jordгo Baixo,Бrea de Risco Nнvel 3,-8.137874,-34.929499
390,Sul,Rua Cafarnaum n 110,Jordгo,Jordгo Baixo,Бrea de Risco Nнvel 3,-8.137856,-34.929517
391,Sul,Rua 22 de Agosto n 104,Jordгo,Jordгo Baixo,Бrea de Risco Nнvel 3,-8.137956,-34.929372
392,Sul,Rua 22 de Agosto n 102,Jordгo,Jordгo Baixo,Бrea de Risco Nнvel 3,-8.138056,-34.929309
393,Sul,Rua 22 de Agosto n 102A,Jordгo,Jordгo Baixo,Бrea de Risco Nнvel 3,-8.138056,-34.929309
394,Sul,Rua 22 de Agosto n 102 B,Jordгo,Jordгo Baixo,Бrea de Risco Nнvel 3,-8.138056,-34.929309
395,Sul,Rua 22 de Agosto n 101,Jordгo,Jordгo Baixo,Бrea de Risco Nнvel 3,-8.138092,-34.929264
396,Sul,Rua 22 de Agosto n 04,Jordгo,Jordгo Baixo,Бrea de Risco Nнvel 3,-8.138129,-34.929246
397,Sul,Rua 22 de Agosto n 104 A,Jordгo,Jordгo Baixo,Бrea de Risco Nнvel 3,-8.138156,-34.929201
398,Sul,Rua 22 de Agosto n 85,Jordгo,Jordгo Baixo,Бrea de Risco Nнvel 3,-8.138174,-34.929183
399,Sul,Rua 22 de Agosto n  93B,Jordгo,Jordгo Baixo,Бrea de Risco Nнvel 3,-8.138229,-34.929110
400,Sul,Rua 22 de Agosto n 93,Jordгo,Jordгo Baixo,Бrea de Risco Nнvel 3,-8.138256,-34.929074
401,Sul,Rua 22 de Agosto n 90,Jordгo,Jordгo Baixo,Бrea de Risco Nнvel 3,-8.138382,-34.929193
