Código,Posto,Mês/Ano,01,02,03,04,05,06,07,08,09,10,11,12,13,14,15,16,17,18,19,20,21,22,23,24,25,26,27,28,29,30,31,Acumulado
198,Abreu e Lima,jan/2023,"8,4","5,9","0,0","1,0","3,3","0,0","0,0","0,0","0,0","0,0","0,0","0,0","1,7","0,0","7,2","1,0","2,2","7,7","23,5","0,0","0,0","0,0","0,0","4,1","0,0","0,0","0,0","0,0","0,0","0,0","0,0","1477,1"
309,Araçoiaba (Granja Cristo Redentor),jan/2023,"19,5","42,1","3,0","0,0","0,0","0,0","0,0","0,0","0,0","0,0","0,0","0,0","0,0","0,0","12,9","3,9","2,1","8,0","70,6","19,0","0,0","0,0","0,0","7,6","0,0","0,0","0,0","0,0","0,0","0,0","0,0","1210,8"
301,Cabo,jan/2023,-,-,-,-,-,-,-,-,-,-,-,-,-,-,-,-,-,-,-,-,-,-,-,-,-,-,-,-,-,-,-,"0,0"
490,Cabo (Barragem de Gurjaú),jan/2023,"20,3","0,0","2,3","0,0","3,7","0,0","0,0","0,0","0,0","0,0","6,6","0,0","1,3","0,0","7,5","11,5","2,9","14,6","23,5","2,0","0,0","0,0","0,0","0,0","0,0","0,0","0,0","0,0","0,0","0,3","0,0","2010,9"
491,Cabo (Barragem de Suape),jan/2023,"32,7","48,5","0,0","0,0","10,4","0,0","0,0","0,0","0,0","0,0","0,0","0,0","0,0","0,0","15,7","5,3","0,0","6,3","1,5","0,0","0,0","0,0","0,0","0,0","0,0","0,0","0,0","0,0","0,0","0,0","0,0","1727,2"
603,Cabo (Pirapama),jan/2023,"34,9","57,5","8,4","0,0","0,0","1,5","0,2","0,0","0,0","0,0","0,0","0,0","1,0","0,0","14,0","3,5","1,4","9,7","29,5","7,4","0,0","0,0","0,0","8,1","0,0","0,0","0,0","0,0","0,0","0,0","0,3","2119,9"
201,Camaragibe,jan/2023,"40,7","48,7","0,5","0,3","0,0","0,0","0,0","0,0","0,0","0,0","0,0","7,8","0,0","2,5","3,0","7,3","5,2","5,7","18,7","3,9","0,0","0,0","0,0","8,0","0,0","0,0","0,0","0,0","0,0","0,0","0,0","1687,6"
28,Goiana (Itapirema - IPA),jan/2023,"3,4","70,8","4,2","0,0","0,2","0,0","0,2","0,4","0,0","0,0","0,0","0,6","1,2","0,0","0,2","0,0","0,6","12,2","47,0","5,4","0,0","0,0","0,0","6,0","0,0","0,0","0,0","0,0","0,0","0,2","1,8","1166,4"
487,Goiana - PCD,jan/2023,-,-,-,-,-,-,-,-,-,-,-,-,-,-,-,-,-,-,-,-,-,-,-,-,-,-,-,-,-,-,-,"58,6"
100,Igarassu,jan/2023,"28,9","3,4","1,0","0,0","0,0","0,0","0,0","0,0","0,0","0,0","0,0","0,0","4,2","1,0","9,8","5,6","11,6","3,2","23,0","11,8","0,0","0,0","0,0","2,0","0,0","0,0","0,0","0,0","0,6","0,0","0,0","1510,2"
269,Igarassu (Bar.Catucá),jan/2023,"10,9","39,2","1,1","0,0","0,0","0,0","0,0","0,0","0,0","0,0","0,0","0,0","0,0","0,0","12,0","0,0","3,0",-,"49,0","12,0","0,0","0,0","0,0","4,0","0,0","0,0","0,0","0,0","0,0","0,0","0,0","1290,4"
294,Igarassu (Usina São José),jan/2023,"12,7","22,9","2,8","0,2","0,0","0,0","0,0","0,0","0,0","0,0","0,0","1,0","0,7","0,0","6,9","0,0","0,0","8,1","38,8","13,7","0,0","0,0","13,7","1,5","0,0","0,0","0,0","0,6","0,0","0,0","0,0","1149,4"
387,Ipojuca,jan/2023,"15,2","37,0","0,0","0,0","1,2","0,0","0,0","0,0","0,0","0,0","0,0","0,0","0,0","0,3","48,6","1,7","1,8","9,9","7,1","1,3","0,0","0,0","3,7","0,0","0,0","0,0","0,0","0,0","0,0","0,0","0,0","1976,8"
602,Ipojuca (Suape) - PCD,jan/2023,"25,6","21,0","0,0","0,0","0,0","0,0","0,0","0,0","0,2","0,0","0,2","0,0","0,0","0,0","11,6","5,8","1,8","1,0","0,0","0,0","0,0","0,0","1,2","0,0","0,0","0,0","0,0","0,0","0,0","0,0","0,4","1680,4"
524,Itamaracá,jan/2023,"0,6","1,8","1,0","0,0","0,0","0,0","0,0","0,0","0,0","0,0","0,0","1,0","0,0","0,0","7,7","3,8","1,0","3,5","11,2","1,1","0,0","0,0","0,0","0,0","0,0","0,0","0,0","0,0","0,0","0,0","2,4","1301,1"
520,Itapissuma,jan/2023,"0,2","2,1","0,9","0,1","0,0","0,0","0,0","0,0","0,0","0,0","0,0","1,8","0,0","0,0","7,3","3,5","0,5","3,7","10,1","1,5","0,0","0,0","0,0","0,0","0,0","0,0","0,0","0,0","0,0","0,0","1,8","1207,4"
604,Jaboatão (Cidade da Copa) - PCD,jan/2023,"27,4","78,0","1,4","0,0","0,0","0,0","0,0","0,0","0,0","1,2","1,6","2,0","0,2","0,2","12,6","1,6","3,2","20,0","23,0","1,0","0,0","0,6","0,0","6,0","2,0","0,0","0,0","0,0","0,8","0,0","0,0","1852,4"
202,Jaboatão dos Guararapes,jan/2023,-,-,-,-,-,-,-,-,-,-,-,-,-,-,-,-,-,-,-,-,-,-,-,-,-,-,-,-,-,-,-,"0,0"
268,Jaboatão dos Guararapes (Bar.Duas Unas),jan/2023,"34,0","92,8","2,1","0,6","0,0","0,0","0,0","0,6","0,0","0,0","0,0","6,7","0,6","0,2","14,7","4,6","0,0","10,7","10,7","4,2","0,0","0,0","0,0","3,5","0,0","0,0","0,0","0,0","0,0","0,2","0,0","1787,9"
205,Moreno,jan/2023,"33,8","92,0","1,9","0,5","0,0","0,0","0,0","0,5","0,0","0,0","0,0","6,1","0,0","0,3","0,0","5,0","0,0","8,3","12,8","0,6","0,0","0,0","0,0","0,6","0,0","0,0","0,0","0,0","0,0","0,0","0,0","1620,0"
199,Olinda,jan/2023,-,-,-,-,-,-,-,-,-,-,-,-,-,-,-,-,-,-,-,-,-,-,-,-,-,-,-,-,-,-,-,"0,0"
551,Olinda (Academia Santa Gertrudes),jan/2023,"12,5","0,0","0,0","0,0","0,0","0,0","0,0","0,0","0,0","0,0","0,7","0,0","0,0","0,9","7,1","5,4","0,0","2,5","12,5","0,0","0,0","0,0","0,0","4,5","0,0","0,0","0,0","0,0","2,9","0,0","0,0","1619,0"
209,Olinda (Alto da Bondade),jan/2023,-,-,-,-,-,-,-,-,-,-,-,-,-,-,-,-,-,-,-,-,-,-,-,"0,0","0,0","0,0","0,0","0,0","0,0","0,0","0,0","0,0"
1049,Olinda (Jardim Atlântico),jan/2023,-,-,-,-,-,-,-,-,-,-,-,-,-,-,-,-,-,-,-,-,-,-,-,-,-,-,-,-,-,-,-,"0,0"
451,Paulista,jan/2023,"24,1","8,9","0,2","0,0","5,2","0,0","0,0","0,0","0,8","0,0","0,0","0,0","0,0","0,6","4,4","6,5","1,6","2,8","33,7","3,2","0,0","0,0","0,0","1,4","0,0","0,0","0,0","0,0","0,0","0,0","0,0","1631,9"
265,Recife (Alto da Brasileira),jan/2023,"8,1","25,6","0,0","0,6","0,0","0,0","0,0","0,0","0,0",-,"0,0","3,0","0,0","0,0","0,0","4,8","0,0","1,1","16,7","3,1","0,0","0,0","0,0","13,1","0,0","0,0","0,0","0,0","0,0","0,0","0,0","1554,1"
196,Recife (Codecipe / Santo Amaro),jan/2023,"14,1","16,4","0,0","0,0","0,0","0,0","0,0","0,0","0,0","0,0","1,2","0,9","0,0","0,0","3,1","8,6","0,0","8,1","8,8","0,0","0,0","0,0","0,0","0,0","0,0","0,0","0,0","0,0","0,0","0,0","0,0","1622,6"
30,Recife (Várzea),jan/2023,-,-,-,-,-,-,-,-,-,-,-,-,-,-,-,-,-,-,-,-,-,-,-,-,-,-,-,-,-,-,-,"0,0"
267,São Lourenço da Mata (Tapacurá),jan/2023,"11,2","46,8","0,6","0,0","0,0","0,0","0,0","0,0","0,0","0,0","1,3","2,3","0,0","0,0","11,2","0,0","0,0","8,9","9,9","5,9","0,0","0,0","0,0","2,6","0,0","0,0","0,0","0,0","0,0","0,0","0,0","1137,5"
198,Abreu e Lima,fev/2023,"0,0","0,0","0,0","0,0","19,0","65,0","47,0","0,0","0,0","28,0","0,0","0,0","0,0","0,0","2,1","0,0","0,0","0,0","15,0","9,0","0,0","8,6","17,0","0,0","0,0","2,8","0,0","0,0",-,-,-,"1477,1"
309,Araçoiaba (Granja Cristo Redentor),fev/2023,"0,0","0,0","0,0","0,0","0,0","5,6","9,8","0,0","0,0","34,2","0,0","0,0","0,0","0,0","0,0","0,0","0,0","0,0","0,0","9,3","0,0","19,6","41,4","75,4","0,0","0,0","15,0","6,1",-,-,-,"1210,8"
301,Cabo,fev/2023,-,-,-,-,-,-,-,-,-,-,-,-,-,-,-,-,-,-,-,-,-,-,-,-,-,-,-,-,-,-,-,"0,0"
490,Cabo (Barragem de Gurjaú),fev/2023,"0,0","0,0","0,0","0,0","25,8","37,1","62,5","0,0","0,0","36,9","16,7","0,0","0,0","0,0","0,0","0,0","4,3","3,6","0,0","1,5","0,0","29,3","82,6","0,0","22,1","3,5","3,1","0,0",-,-,-,"2010,9"
491,Cabo (Barragem de Suape),fev/2023,"0,0","0,0","0,0","0,0","0,0","1,4","102,5","0,0","0,0","9,3","1,7","0,0","0,0","0,0","15,5","0,0","7,2","2,6","0,0","0,0","0,0","4,8","0,0","0,0","9,2","9,6","6,9","0,0",-,-,-,"1727,2"
603,Cabo (Pirapama),fev/2023,"0,0","0,0","0,0","0,0","12,1","39,1","53,6","0,0","0,0","7,1","3,6","0,0","0,0","0,0","45,5","0,1","10,5","3,3","0,0","2,6","0,0","19,2","71,8","0,0","3,5","16,5","6,5","0,1",-,-,-,"2119,9"
201,Camaragibe,fev/2023,"0,0","0,0","0,0","0,0","40,0","47,4","13,9","0,0","0,0","18,1","4,0","0,0","0,2","0,0","34,0","0,0","0,0","0,0","0,0","0,0","0,0","15,0","45,2","0,7","12,5","0,5","0,6","2,3",-,-,-,"1687,6"
28,Goiana (Itapirema - IPA),fev/2023,"0,0","0,0","0,0","0,0","5,0","8,0","9,8","0,0","0,0","0,2","0,0","0,0","0,2","1,0","1,4","0,0","0,0","2,2","0,0","2,0","0,2","14,6","38,9","0,2","1,2","1,0","1,2","1,4",-,-,-,"1166,4"
487,Goiana - PCD,fev/2023,-,-,-,-,-,-,-,-,-,-,-,-,-,-,-,-,-,-,-,-,-,-,-,-,-,-,-,-,-,-,-,"58,6"
100,Igarassu,fev/2023,"0,0","0,0","0,0","0,0","9,3","22,0","17,3","0,0","0,0","14,5","0,0","0,0","0,0","0,2","3,4","0,0","0,0","0,0","0,0","3,5","1,6","27,3","20,6","24,5","7,7","1,3","2,7","0,0",-,-,-,"1510,2"
269,Igarassu (Bar.Catucá),fev/2023,"0,0","0,0","0,0","0,0","3,3","0,0","0,0","0,0","0,0","40,2","0,0","0,0","0,0","0,0","0,0","0,0","0,0",-,"0,0","13,7","0,0","0,0","43,5","78,8","0,0","9,1","0,0","1,5",-,-,-,"1290,4"
294,Igarassu (Usina São José),fev/2023,"0,0","0,0","0,0","0,0","5,4","2,6","9,2","0,0","0,0","23,4","0,0","0,0","0,0","0,0","2,3","0,0","0,0","0,0","0,0","13,8","0,0","6,7","41,0","18,0","0,0","12,3","1,0","2,3",-,-,-,"1149,4"
387,Ipojuca,fev/2023,"1,9","2,3","0,3","0,0","4,2","39,1","66,3","0,3","0,5","8,4","0,9","0,0","3,9","0,0","5,0","0,0","5,3","5,1","0,0","2,2","0,0","28,7","46,1","0,0","4,7","25,8","4,7","0,0",-,-,-,"1976,8"
602,Ipojuca (Suape) - PCD,fev/2023,"14,0","1,0",-,-,-,-,-,-,"2,2",-,"0,4","0,6","1,4","0,0","2,4","3,8","3,4","10,0","0,0","3,8","0,0","33,2","31,4","0,8","2,6","33,0","0,0","0,0",-,-,-,"1680,4"
524,Itamaracá,fev/2023,"0,0","0,0","0,0","0,0","9,5","26,1","18,1","0,0","0,0","5,7","0,0","0,0","1,4","0,0","0,0","0,0","0,0","0,0","0,0","1,0","0,0","9,2","31,0","12,8","0,5","5,0","0,0","0,0",-,-,-,"1301,1"
520,Itapissuma,fev/2023,"0,0","0,0","0,0","0,0","7,3","18,9","15,2","0,0","0,0","5,5","0,0","0,0","1,0","0,0","0,0","0,0","0,0","0,0","0,0","0,0","2,0","8,0","30,0","22,5","0,6","3,5","0,0","1,6",-,-,-,"1207,4"
604,Jaboatão (Cidade da Copa) - PCD,fev/2023,"0,8","1,2",-,-,-,-,-,-,"2,4",-,"1,2","0,0","3,6","0,0","12,0","6,0","6,0","7,0","0,0","0,4","0,0","11,2","70,4","0,0","10,4","2,4","0,4","1,4",-,-,-,"1852,4"
202,Jaboatão dos Guararapes,fev/2023,-,-,-,-,-,-,-,-,-,-,-,-,-,-,-,-,-,-,-,-,-,-,-,-,-,-,-,-,-,-,-,"0,0"
268,Jaboatão dos Guararapes (Bar.Duas Unas),fev/2023,"0,0","0,0","0,0","0,3","15,0","19,0","27,3","0,0","0,0","24,3","1,2","0,0","0,8","0,0","2,7","0,3","6,2","0,4","0,8","0,0","4,2","8,6","68,0","0,0","6,3","7,6","3,4","0,0",-,-,-,"1787,9"
205,Moreno,fev/2023,"0,0","0,0","0,0","0,0","0,0","22,0","3,1","2,4","0,0","23,9","1,8","0,0","0,0","0,0","0,0","0,0","6,0","1,1","0,5","0,0","0,0","0,0","133,2","0,0","6,1","7,9","1,9","0,0",-,-,-,"1620,0"
199,Olinda,fev/2023,-,-,-,-,-,-,-,-,-,-,-,-,-,-,-,-,-,-,-,-,-,-,-,-,-,-,-,-,-,-,-,"0,0"
551,Olinda (Academia Santa Gertrudes),fev/2023,"0,0","0,5","0,0","1,7","35,0","65,3","58,6","0,0","0,6","32,1","0,0","2,4","0,0","0,0","7,8","0,1","0,0","0,0","0,0","5,6","0,0","18,1","23,0","2,5","11,9","2,4","0,4","0,0",-,-,-,"1619,0"
209,Olinda (Alto da Bondade),fev/2023,-,-,-,-,-,-,-,-,-,-,-,-,-,-,-,-,-,-,-,-,-,-,-,"0,0","0,0","0,0","0,0","0,0",-,-,-,"0,0"
1049,Olinda (Jardim Atlântico),fev/2023,-,-,-,-,-,-,-,-,-,-,-,-,"0,0",-,-,-,-,-,-,-,-,-,-,-,-,-,-,-,-,-,-,"0,0"
451,Paulista,fev/2023,"0,0","0,0","0,0","0,0","17,6","62,9","45,9","0,0","2,4","28,3","0,0","0,0","0,0","0,0","3,4","0,0","0,0","0,0","0,0","9,8","0,0","10,4","22,3","18,0","8,0","0,4","0,0","1,2",-,-,-,"1631,9"
265,Recife (Alto da Brasileira),fev/2023,"0,0","0,0","0,0","0,0","59,5","16,2","54,3","0,0","0,0",-,"0,0","0,2","0,0","0,0","19,1","0,0","12,7","0,0","0,0","0,0","0,0","18,2","28,7","0,6","13,5","0,6","0,0","0,0",-,-,-,"1554,1"
196,Recife (Codecipe / Santo Amaro),fev/2023,"0,0","0,0","0,0","0,0","19,0","53,6","122,6","0,0","0,0","39,0","0,0","0,0","0,0","0,0","18,5","2,2","0,0","0,0","0,0","8,7","0,0","11,0","22,2","1,1","19,0","15,1","0,0","0,0",-,-,-,"1622,6"
30,Recife (Várzea),fev/2023,-,-,-,-,-,-,-,-,-,-,-,-,-,-,-,-,-,-,-,-,-,-,-,-,-,-,-,-,-,-,-,"0,0"
267,São Lourenço da Mata (Tapacurá),fev/2023,"0,0","0,0","0,0","0,0","3,9","3,1","17,3","0,0","0,0","13,5","8,4","0,0","0,0","0,0","2,9","1,7","0,0","0,0","0,0","0,0","0,0","4,2","47,5","0,0","9,1","9,5","0,0","0,0",-,-,-,"1137,5"
198,Abreu e Lima,mar/2023,"0,0","0,0","0,0","0,0","0,0","0,0","0,0","0,0","0,0","0,0","0,0","0,0","0,0","1,6","0,0","0,3","0,0","0,0","3,6","7,5","0,0","20,3","6,7","5,0","2,0","1,3","5,4","0,0","3,8","54,3","1,8","1477,1"
309,Araçoiaba (Granja Cristo Redentor),mar/2023,"0,0","0,0","0,0","0,0","0,0","0,0","0,0","0,0","0,0","0,0","0,0","0,0","0,0","0,0","0,0","0,0","0,0","0,0","27,7","0,0","17,1","15,5","4,1","0,0","4,7","10,6","0,0","3,1","5,8","7,0","0,0","1210,8"
301,Cabo,mar/2023,-,-,-,-,-,-,-,-,-,-,-,-,-,-,-,-,-,-,-,-,-,-,-,-,-,-,-,-,-,-,-,"0,0"
490,Cabo (Barragem de Gurjaú),mar/2023,"1,8","0,7","1,9","2,0","0,2","0,0","2,3","0,0","0,5","0,0","0,0","7,6","0,2","0,0","0,0","0,0","0,0","0,0","1,9","0,0","2,9","61,0","15,0","2,5","5,8","19,2","7,9","3,6","13,3","49,1","2,0","2010,9"
491,Cabo (Barragem de Suape),mar/2023,"1,8","0,0","0,0","0,0","0,0","0,0","1,4","0,0","0,0","0,0","0,0","0,0","3,3","0,0","0,0","0,0","0,0","0,0","0,0","4,3","17,1","45,5","11,6","7,5","2,6","1,2","9,6","0,0","19,7","45,1","0,7","1727,2"
603,Cabo (Pirapama),mar/2023,"1,0","1,0","0,0","0,4","1,0","0,0","7,2","0,0","0,9","0,0","0,0","0,0","3,1","3,4","0,0","0,0","0,0","0,0","1,2","0,0","15,3","47,1","6,3","5,5","0,0","7,2","1,1","19,5","15,2","118,5","0,1","2119,9"
201,Camaragibe,mar/2023,"2,1","1,0","0,0","0,0","0,0","0,0","0,0","0,3","1,5","0,0","0,0","0,0","2,6","1,0","0,0","0,0","0,0","0,0","3,8","0,3","17,3","34,0","5,2","2,7","0,6","6,5","2,0","0,5","19,8","85,0","0,0","1687,6"
28,Goiana (Itapirema - IPA),mar/2023,"0,0","0,2","0,0","0,0","0,0","0,0","0,0","17,0","0,2","0,0","0,0","0,0","0,6","0,2","1,2","0,0","0,2","0,0","4,0","1,2","3,4","9,2","4,4","2,4","4,0","3,4","9,0","0,4","2,8","37,6","0,0","1166,4"
487,Goiana - PCD,mar/2023,-,-,-,-,-,-,-,-,-,-,-,-,-,-,-,-,-,-,-,-,-,-,-,-,-,-,-,-,-,-,-,"58,6"
100,Igarassu,mar/2023,"0,0","0,0","0,0","0,0","0,0","0,0","0,0","0,0","0,0","0,0","0,0","0,0","0,0","0,0","0,0","0,0","0,0","0,0","2,5","12,7","15,7","55,9","11,5","1,6","1,0","0,4","8,0","2,3","15,1","37,0","0,0","1510,2"
269,Igarassu (Bar.Catucá),mar/2023,"0,0","0,0","0,0","0,0","0,0","0,0","0,0","0,0","1,0","0,0","0,0","0,0","0,0","0,0","0,0","0,0","0,0",-,"5,3","0,0","3,8","18,2","10,4","2,5","0,0","0,0","8,6","0,0","1,4","32,6","1,2","1290,4"
294,Igarassu (Usina São José),mar/2023,"0,0","0,0","0,0","0,0","0,0","0,0","0,4","0,0","0,0","0,0","0,0","0,0","0,7","1,3","0,0","0,0","0,0","0,0","3,9","0,0","1,8","20,5","5,0","3,4","0,0","4,6","7,9","4,8","1,7","42,1","0,0","1149,4"
387,Ipojuca,mar/2023,"1,3","0,7","0,0","0,0","1,1","0,0","5,2","0,0","0,0","0,0","0,0","0,0","0,0","0,0","0,0","0,0","0,0","0,0","1,0","3,8","45,3","29,9","14,3","4,0","2,9","0,7","6,8","3,1","18,8","32,6","1,9","1976,8"
602,Ipojuca (Suape) - PCD,mar/2023,"1,4","0,4","0,0","0,0","0,0","0,0","0,0","0,0","0,0","3,4","0,0","4,2","0,0","0,0","0,0","0,0","0,0","0,0","1,8","0,0","9,6","29,8","9,0","5,0","0,4","9,2","0,0","3,8","14,0","14,0","0,0","1680,4"
524,Itamaracá,mar/2023,"1,4","0,0","0,0","0,0","0,0","0,0","0,6","0,0","0,0","0,0","0,0","0,0","0,0","0,0","0,0","0,0","0,0","0,0","0,0","17,5","13,7","42,8","16,2","5,0","2,6","4,1","0,4","1,8","2,7","32,2","1,2","1301,1"
520,Itapissuma,mar/2023,"1,7","0,2","0,0","0,0","0,0","0,0","0,5","0,0","0,0","0,0","0,0","0,0","0,5","0,0","0,0","0,0","0,0","0,0","0,0","13,4","12,5","37,5","13,2","4,5","4,5","2,8","0,5","1,6","2,5","39,2","1,0","1207,4"
604,Jaboatão (Cidade da Copa) - PCD,mar/2023,"0,4","0,0","0,0","2,0","0,2","0,0","7,0","3,0","0,0","0,2","1,4","0,2","2,6","0,0","0,0","0,0","0,0","0,0","2,6","0,8","40,4","42,8","3,6","2,4","2,8","3,6","0,2","3,0","12,6","56,2","0,0","1852,4"
202,Jaboatão dos Guararapes,mar/2023,-,-,-,-,-,-,-,-,-,-,-,-,-,-,-,-,-,-,-,-,-,-,-,-,-,-,-,-,-,-,-,"0,0"
268,Jaboatão dos Guararapes (Bar.Duas Unas),mar/2023,"0,7","1,0","0,0","0,0","0,0","0,0","1,2","0,0","2,3","0,0","0,0","4,1","0,8","3,1","0,0","0,0","0,0","0,0","3,1","0,3","24,2","33,6","8,1","1,8","2,4","10,7","4,7","2,0","6,2","58,6","0,3","1787,9"
205,Moreno,mar/2023,"0,6","2,7","0,0","0,0","0,0","0,0","1,1","0,0","2,1","0,0","0,0","0,0","0,0","3,3","0,0","0,0","0,0","0,0","2,8","0,0","24,1","32,7","1,4","1,7","9,0","5,1","3,2","1,8","6,4","15,9","0,4","1620,0"
199,Olinda,mar/2023,-,-,-,-,-,-,-,-,-,-,-,-,-,-,-,-,-,-,-,-,-,-,-,-,-,-,-,-,-,-,-,"0,0"
551,Olinda (Academia Santa Gertrudes),mar/2023,"0,0","0,0","0,0","0,0","0,0","0,0","0,0","0,0","0,0","0,0","0,0","0,0","0,1","0,0","0,0","0,0","0,0","0,2","3,2","0,0","4,9","92,7","6,5","3,9","2,1","20,1","2,6","0,5","10,1","46,4","0,0","1619,0"
209,Olinda (Alto da Bondade),mar/2023,-,-,-,-,-,-,-,-,-,-,-,-,-,-,-,-,-,-,-,-,-,-,-,"0,0","0,0","0,0","0,0","0,0","0,0","0,0","0,0","0,0"
1049,Olinda (Jardim Atlântico),mar/2023,-,-,-,-,-,-,-,-,-,-,-,-,-,-,-,-,-,-,-,-,-,-,-,-,-,-,-,-,-,-,-,"0,0"
451,Paulista,mar/2023,"0,0","0,0","0,0","0,0","0,0","0,0","1,0","0,0","0,0","0,0","0,0","0,0","0,0","0,0","0,0","0,0","0,0","0,0","2,6","3,0","13,8","59,9","10,4","5,1","2,2","5,9","4,9","0,0","4,0","32,6","0,8","1631,9"
265,Recife (Alto da Brasileira),mar/2023,"0,5","0,6","0,0","0,0","0,0","0,0","0,0","0,0","2,0",-,"0,9","0,0","0,0","8,9","0,0","0,0","0,0","0,0","2,0","0,0","41,2","78,8","14,2","10,7","0,0","15,3","6,2","15,5","12,2","77,8","0,0","1554,1"
196,Recife (Codecipe / Santo Amaro),mar/2023,"0,0","0,0","0,0","0,0","0,0","0,0","0,0","0,0","3,2","0,0","0,0","0,0","0,0","5,1","0,0","0,0","0,0","0,0","1,0","0,0","12,2","63,2","11,0","5,3","3,2","5,0","0,0","0,0","20,2","45,0","0,0","1622,6"
30,Recife (Várzea),mar/2023,-,-,-,-,-,-,-,-,-,-,-,-,-,-,-,-,-,-,-,-,-,-,-,-,-,-,-,-,-,-,-,"0,0"
267,São Lourenço da Mata (Tapacurá),mar/2023,"0,0","0,0","0,0","0,0","0,0","0,0","0,0","0,0","3,2","0,0","0,0","0,0","0,0","6,1","0,0","0,0","0,0","0,0","4,9","0,0","5,8","31,0","1,6","1,2","1,6","13,7","0,8","0,0","4,0","50,9","0,0","1137,5"
198,Abreu e Lima,abr/2023,"0,0","0,0","0,0","0,0","9,6","0,0","2,0","1,8","57,1","70,0","0,0","0,0","0,0","0,0","2,5","13,0","5,2","0,0","0,0","0,0","0,0","0,0","0,0","18,0","0,0","58,7","31,6","1,6","0,0","15,6",-,"1477,1"
309,Araçoiaba (Granja Cristo Redentor),abr/2023,"0,0","0,0","0,0","0,0","3,4","0,0","0,0","0,0","95,6","0,0","0,0","0,0","5,8","0,0","0,0","11,7","44,0","0,0","0,0","7,5","0,0","0,0","0,0","3,2","11,1","17,3","0,0","0,6","0,0","9,7",-,"1210,8"
301,Cabo,abr/2023,-,-,-,-,-,-,-,-,-,-,-,-,-,-,-,-,-,-,-,-,-,-,-,-,-,-,-,-,-,-,-,"0,0"
490,Cabo (Barragem de Gurjaú),abr/2023,"0,0","0,5","0,0","5,5","33,4","0,1","3,3","0,0","117,0","6,5","0,0","0,0","20,3","0,0","9,2","1,5","1,7","0,0","0,0","0,0","2,5","0,0","12,5","17,9","4,5","30,8","34,7","0,7","0,0","14,2",-,"2010,9"
491,Cabo (Barragem de Suape),abr/2023,"0,0","0,0","0,0","11,6","11,3","2,5","3,3","0,0","66,4","2,8","0,0","0,0","8,1","2,2","5,7","13,7","0,0","0,0","0,0","0,0","0,0","0,0","2,4","11,2","2,0","8,7","21,5","8,7","0,0","9,0",-,"1727,2"
603,Cabo (Pirapama),abr/2023,"0,0","0,0","0,0","7,6","9,2","0,7","8,6","1,4","118,5","6,2","0,0","0,0","11,0","6,6","1,8","7,7","7,9","0,0","0,0","0,0","0,0","0,0","2,5","12,1","2,2","13,7","25,2","2,7","0,0","20,0",-,"2119,9"
201,Camaragibe,abr/2023,"0,0","0,0","7,3","1,4","0,0","0,0","6,2","0,0","4,1","96,9","0,0","0,0","10,4","1,5","10,3","0,0","4,8","0,1","0,0","0,0","0,0","0,0","0,0","5,5","6,7","48,8","24,8","0,0","7,5","8,4",-,"1687,6"
28,Goiana (Itapirema - IPA),abr/2023,"0,0","0,0","0,0","0,4","10,4","0,0","4,4","0,0","62,8","0,4","0,0","0,0","1,0","0,4","9,5","3,2","1,2","1,6","0,0","0,0","0,0","0,0","1,2","29,0","3,4","31,8","1,6","1,8","3,0","6,0",-,"1166,4"
487,Goiana - PCD,abr/2023,-,-,-,-,-,-,-,-,-,-,-,-,-,-,-,-,-,-,-,-,-,-,-,-,-,-,-,-,-,-,-,"58,6"
100,Igarassu,abr/2023,"0,0","0,0","0,0","0,0","14,3","0,0","0,7","5,5","37,5","26,5","0,0","0,0","9,4","4,7","2,0","0,0","2,4","5,9","0,0","0,0","0,0","0,0","0,0","11,3","0,8","78,8","26,3","0,4","0,0","3,3",-,"1510,2"
269,Igarassu (Bar.Catucá),abr/2023,"0,0","32,6","0,0","0,0","7,0","0,0","0,0","0,9","68,0","20,5","0,0","0,0","1,8","0,0","2,9","1,1","7,9",-,"0,0","0,0","0,0","0,0","0,0","6,8","15,8","36,0","52,2","2,1","0,0","6,5",-,"1290,4"
294,Igarassu (Usina São José),abr/2023,"1,0","0,0","0,0","1,0","4,8","0,0","0,0","0,0","63,0","10,5","0,0","0,0","1,5","1,7","2,0","4,0","27,2","0,3","0,0","0,0","0,0","0,0","0,0","4,0","7,7","41,1","35,1","1,0","0,0","2,0",-,"1149,4"
387,Ipojuca,abr/2023,"0,0","0,0","0,0","5,0","19,1","7,2","0,7","0,0","138,0","0,0","0,0","0,0","9,2","2,3","13,9","6,9","5,9","0,0","0,0","0,0","0,6","0,4","21,1","11,2","1,0","17,3","32,0","0,8","0,0","11,3",-,"1976,8"
602,Ipojuca (Suape) - PCD,abr/2023,"0,0","0,0","0,0","15,2","3,2","0,6","3,2","2,0","80,2","0,0","0,0","0,0","13,6","0,8","5,4","0,2","0,8","0,6","0,0","0,0","0,0","0,0","8,4","4,4","1,2","5,2","47,4","1,4","0,0","25,8",-,"1680,4"
524,Itamaracá,abr/2023,"0,0","0,0","0,0","1,4","16,1","0,0","0,0","1,9","28,3","13,0","0,0","0,0","1,0","4,9","0,9","3,4","6,5","0,0","0,0","0,0","0,0","0,0","0,0","29,8","2,6","13,3","16,2","0,0","2,5","5,5",-,"1301,1"
520,Itapissuma,abr/2023,"0,0","0,0","0,0","1,0","13,4","0,0","0,0","2,1","25,3","10,5","0,0","0,0","0,5","3,5","0,5","2,8","4,5","0,2","0,0","0,0","0,0","0,0","0,0","25,5","8,3","25,5","14,5","0,0","3,0","7,3",-,"1207,4"
604,Jaboatão (Cidade da Copa) - PCD,abr/2023,"0,0","0,0","14,4","1,8","18,2","0,4","4,6","8,4","106,8","0,2","0,0","0,0","7,8","0,8","7,2","0,6","16,2","0,6","0,0","0,0","2,4","0,0","3,0","7,6","17,4","56,6","42,6","1,8","0,0","7,6",-,"1852,4"
202,Jaboatão dos Guararapes,abr/2023,-,-,-,-,-,-,-,-,-,-,-,-,-,-,-,-,-,-,-,-,-,-,-,-,-,-,-,-,-,-,-,"0,0"
268,Jaboatão dos Guararapes (Bar.Duas Unas),abr/2023,"0,0","0,0","0,0","0,8","26,4","0,0","31,0","0,0","80,6","22,0","0,0","0,0","19,0","0,0","19,4","0,3","20,3","0,0","0,0","0,0","8,2","0,0","10,0","2,7","11,3","59,8","37,2","1,0","0,0","6,8",-,"1787,9"
205,Moreno,abr/2023,"0,0","0,0","0,0","0,0","29,8","0,0","30,7","0,0","80,9","21,8","0,0","0,0","0,0","0,0","19,4","1,0","20,5","0,0","0,0","7,9","0,0","0,0","11,2","2,4","10,9","58,9","37,8","1,2","0,0","6,5",-,"1620,0"
199,Olinda,abr/2023,-,-,-,-,-,-,-,-,-,-,-,-,-,-,-,-,-,-,-,-,-,-,-,-,-,-,-,-,-,-,-,"0,0"
551,Olinda (Academia Santa Gertrudes),abr/2023,"0,0","0,0","0,1","2,4","10,2","0,0","0,0","0,2","61,2","30,0","0,0","0,0","1,1","1,1","2,3","1,5","3,3","0,0","0,0","0,0","0,5","0,0","0,0","14,4","23,7","35,7","21,0","1,5","0,0","15,1",-,"1619,0"
209,Olinda (Alto da Bondade),abr/2023,-,-,-,-,-,-,-,-,-,-,-,-,-,-,-,-,-,-,-,-,-,-,-,"0,0","0,0","0,0","0,0","0,0","0,0","0,0",-,"0,0"
1049,Olinda (Jardim Atlântico),abr/2023,-,-,-,-,-,-,-,-,-,-,-,-,-,-,-,-,-,-,-,-,-,-,-,-,-,-,-,-,-,-,-,"0,0"
451,Paulista,abr/2023,"0,0","0,0","0,0","4,7","5,7","0,0","0,2","2,6","98,9","24,4","0,0","0,0","2,0","0,0","1,4","3,1","20,3","0,2","1,0","0,0","0,0","0,0","0,0","3,8","29,4","45,8","17,9","0,0","0,0","4,5",-,"1631,9"
265,Recife (Alto da Brasileira),abr/2023,"0,0","0,0","22,4","0,0","4,5","0,7","7,0","0,3","70,5",-,"0,0","0,0","3,7","1,4","5,9","0,0","4,0","0,0","0,0","0,0","0,0","0,0","0,0","9,1","0,0","48,1","27,2","12,3","0,0","1,1",-,"1554,1"
196,Recife (Codecipe / Santo Amaro),abr/2023,"0,0","0,0","0,0","0,0","2,4","0,0","1,0","1,0","76,0","4,6","0,0","0,0","0,0","0,2","2,4","0,4","6,6","0,0","0,0","0,4","0,2","0,0","0,0","17,2","12,4","31,2","22,0","0,1","0,0","2,3",-,"1622,6"
30,Recife (Várzea),abr/2023,-,-,-,-,-,-,-,-,-,-,-,-,-,-,-,-,-,-,-,-,-,-,-,-,-,-,-,-,-,-,-,"0,0"
267,São Lourenço da Mata (Tapacurá),abr/2023,"0,0","0,0","0,0","0,0","15,9","0,0","6,4","0,0","40,5","9,9","0,0","0,0","4,1","5,1","4,1","1,2","7,5","0,0","0,0","0,0","0,0","0,0","0,0","6,8","15,8","17,6","18,2","1,2","0,0","8,9",-,"1137,5"
198,Abreu e Lima,mai/2023,"12,0","0,0","0,0","0,0","23,0","5,0","0,4","0,0","0,0","2,6","0,0","0,0","0,0","0,0","0,0","0,0","20,5","1,8","0,0","6,0","5,0","6,8","15,8","56,0","20,0","0,1","0,0","0,0","48,8","9,6","0,2","1477,1"
309,Araçoiaba (Granja Cristo Redentor),mai/2023,"15,6","0,0","0,0","0,6","30,5","3,5","0,0","0,0","0,0","0,0","0,0","0,0","0,0","0,0","10,7","0,0","3,1","0,0","0,0","0,0","0,0","0,0","0,0","36,1",-,"0,6","0,0","0,0","15,9","3,2","2,6","1210,8"
301,Cabo,mai/2023,-,"0,0",-,-,-,-,-,-,-,-,-,-,-,-,-,-,-,-,-,-,-,-,-,-,-,-,-,-,-,-,-,"0,0"
490,Cabo (Barragem de Gurjaú),mai/2023,"20,4","0,2","0,2","10,4","13,3","0,5","7,1","2,0","0,0","1,4","0,4","0,0","0,0","0,7","1,7","0,5","6,5","0,0","26,3","3,1","4,0","49,5","15,7","22,5",-,"1,4","11,6","0,0","24,8","0,7","4,4","2010,9"
491,Cabo (Barragem de Suape),mai/2023,"22,0","0,5","3,0","18,2","12,7","0,0","17,0","2,3","10,9","5,9","1,3","0,0","0,0","0,0","0,0","1,1","11,2","0,0","0,7","1,9","7,0","69,1","27,0","9,7",-,"0,0","1,3","0,0","67,6","0,0","0,0","1727,2"
603,Cabo (Pirapama),mai/2023,"10,3","3,1","0,0","7,6","5,5","0,2","2,4","2,3","0,3","0,0","3,1","0,0","0,0","1,6","0,0","2,5","10,0","0,0","10,7","1,6","4,6","41,5","52,6","9,4","44,3","0,0","6,2","1,5","38,2","1,7","3,4","2119,9"
201,Camaragibe,mai/2023,"0,0","0,0","0,0","3,4","26,2","2,2","0,0","0,0","0,0","1,2","0,0","0,0","0,0","10,4","8,3","0,6","27,3","5,3","1,6","0,0","3,2","28,5","27,7","77,2","34,6","10,6","0,0","0,0","20,5","4,5","3,4","1687,6"
28,Goiana (Itapirema - IPA),mai/2023,"3,0","0,4","0,2","3,6","10,4","0,0","0,0","0,0","0,0","0,6","0,0","0,0","0,0","10,6","0,0","0,0","0,2","3,8","1,8","0,0","1,2","6,6","20,4","23,4","9,4","4,4","1,8","0,2","9,0","7,4","1,8","1166,4"
487,Goiana - PCD,mai/2023,-,-,-,-,-,-,-,-,-,-,-,-,-,-,-,-,-,-,-,-,-,-,-,-,-,-,-,-,-,-,-,"58,6"
100,Igarassu,mai/2023,"8,9","1,0","3,8","0,6","15,3","2,8","1,5","0,4","0,0","0,0","1,2","0,0","0,0","0,0","0,0","0,0","9,3","11,5","0,0","0,0","0,1","8,0","4,8","33,2","47,3","3,9","3,0","0,0","37,3","2,2","2,1","1510,2"
269,Igarassu (Bar.Catucá),mai/2023,"2,0","0,0","0,0","1,0","26,7","1,9","0,0","0,0","0,0","0,0","0,0","0,0","0,0","3,5","0,0","0,0","11,5",-,"0,0","0,0","1,8","1,0","22,0","21,4","15,2","1,4","3,3","0,0","17,2","0,0","0,0","1290,4"
294,Igarassu (Usina São José),mai/2023,"10,0","18,0","3,6","0,2","49,0","3,4","0,0","0,0","0,0","0,0","0,4","0,0","0,0","0,0","0,0","7,3","3,0","0,8","0,7","0,0","0,0","2,4","6,9","39,0",-,"1,8","1,0","0,0","18,1","18,0","0,0","1149,4"
387,Ipojuca,mai/2023,"35,5","10,0","6,0","9,4","10,3","0,0","3,0","2,0","3,8","0,0","0,0","0,0","0,0","0,3","0,0","2,6","12,8","0,0","2,1","1,7","6,7","66,5","28,9","20,5","51,7","13,5","9,1","4,0","50,7","0,0","5,3","1976,8"
602,Ipojuca (Suape) - PCD,mai/2023,"12,0","2,4","16,6","0,2","2,0","0,0","7,6","2,2","13,6","8,2","0,6","0,0","0,0","0,0","0,2","2,2","7,0","3,6","0,0","9,2","19,4","59,2","14,6","53,6","20,8","0,2","0,4","1,8","79,8","0,0","11,2","1680,4"
524,Itamaracá,mai/2023,"0,0","4,2","0,2","0,0","12,8","1,2","0,0","0,0","0,0","1,5","0,0","0,0","0,0","0,0","0,0","2,4","2,8","14,5","0,4","0,0","0,0","7,4","54,7","15,4","30,3","3,8","0,0","0,0","13,7","13,9","13,2","1301,1"
520,Itapissuma,mai/2023,"0,0","3,5","0,3","0,0","13,5","0,9","0,0","0,0","0,0","1,0","0,0","0,0","0,0","0,0","0,0","2,0","2,5","8,5","0,3","0,0","0,0","7,2","46,5","38,5","28,4","3,5","0,0","1,0","32,4","12,4","12,2","1207,4"
604,Jaboatão (Cidade da Copa) - PCD,mai/2023,"17,6","19,4","0,2","3,8","11,0","0,6","1,4","0,6","0,0","1,0","0,2","0,0","0,0","1,0","0,0","2,8","24,8","1,8","0,0","0,0","4,4","24,6","26,6","105,8","21,8","7,8","4,0","2,2","21,2","8,2","2,4","1852,4"
202,Jaboatão dos Guararapes,mai/2023,-,-,-,-,-,-,-,-,-,-,-,-,-,-,-,-,-,-,-,-,-,-,-,-,-,-,-,-,-,-,-,"0,0"
268,Jaboatão dos Guararapes (Bar.Duas Unas),mai/2023,"26,5","9,1","1,3","7,5","9,3","0,0","0,0","0,9","0,0","0,7","0,0","0,0","0,0","0,0","3,9","3,2","3,5","0,2","0,8","0,0","2,0","21,4","20,7","89,8","52,6","1,3","6,3","0,9","18,1","2,1","1,9","1787,9"
205,Moreno,mai/2023,"27,1","1,4","4,2","6,9","9,1","0,0","0,0","0,8","0,0","0,6","0,0","0,0","0,0","0,0","3,4","3,1","3,7","0,5","0,0","0,0","7,9","12,4","19,0","90,2","51,4","1,4","6,1","1,2","19,1","1,9","1,0","1620,0"
199,Olinda,mai/2023,-,-,-,-,-,-,-,-,-,-,-,-,-,-,-,-,-,-,-,-,-,-,-,-,-,-,-,-,-,-,-,"0,0"
551,Olinda (Academia Santa Gertrudes),mai/2023,"5,3","0,4","3,2","11,2","6,1","4,1","0,0","1,7","6,4","0,3","0,0","0,0","0,0","0,0","0,0","2,5","36,6","9,7","0,0","37,9","15,6","12,2","17,5","48,2","32,2","0,0","2,7","0,0","27,9","3,6","2,0","1619,0"
209,Olinda (Alto da Bondade),mai/2023,-,-,-,-,-,-,-,-,-,-,-,-,-,-,-,-,-,-,-,-,-,-,-,"0,0","0,0","0,0","0,0","0,0","0,0","0,0","0,0","0,0"
1049,Olinda (Jardim Atlântico),mai/2023,-,-,-,-,-,-,-,-,-,-,-,-,-,-,-,-,-,-,-,-,-,-,-,-,-,-,-,-,-,-,-,"0,0"
451,Paulista,mai/2023,"17,8","0,0","0,6","6,7","11,8","0,0","0,0","0,0","0,0","1,6","0,0","0,0","0,0","0,0","0,0","2,8","6,3","22,8","0,0","5,1","8,0","14,8","10,3","63,4","23,3","1,0","0,8","0,0","47,4","27,3","7,7","1631,9"
265,Recife (Alto da Brasileira),mai/2023,"24,5","0,0","0,0","5,1","3,7","5,3","3,1","0,0","0,9",-,"0,0","0,0","0,0","0,0","0,0","1,3","31,1","3,7","3,8","0,7","4,1","9,3","23,9","31,2",-,"2,4","15,1","0,0","15,5","27,5","0,5","1554,1"
196,Recife (Codecipe / Santo Amaro),mai/2023,"11,2","0,0","0,0","1,0","0,2","0,0","0,0","2,0","0,0","2,3","1,8","0,0","0,0","1,6","0,0","3,1","10,1","7,4","0,0","14,2","11,0","23,0","20,0","66,0",-,"4,2","8,1","0,0","14,4","34,8","2,0","1622,6"
30,Recife (Várzea),mai/2023,-,-,-,-,-,-,-,-,-,-,-,-,-,-,-,-,-,-,-,-,-,-,-,-,-,-,-,-,-,-,-,"0,0"
267,São Lourenço da Mata (Tapacurá),mai/2023,"20,6","2,7","0,0","2,1","12,1","2,1","0,0","0,8","0,0","1,4","0,0","0,0","0,0","1,2","5,1","0,0","3,4","0,0","6,7","0,0","0,0","8,3","30,2","30,1","20,6","1,5","9,5","0,0","9,3","0,0","0,5","1137,5"
198,Abreu e Lima,jun/2023,"3,2","1,5","0,1","0,3","1,5","0,0","4,7","13,0","17,0","12,7","8,1","64,7","1,2","7,3","40,0","8,6","2,0","7,3","0,1","16,6","2,0","4,4","31,3","4,2","1,5","29,0","85,0","2,7","15,5","80,1",-,"1477,1"
309,Araçoiaba (Granja Cristo Redentor),jun/2023,"1,0","1,4","0,0","0,0","0,0","0,0","0,0","5,1","22,5","0,0","20,4","10,1","0,0","26,1","43,7","6,7","6,9","14,2","0,0","11,9","0,0","6,3","20,3","12,8","10,2","9,1","40,9","3,8","4,1","100,3",-,"1210,8"
301,Cabo,jun/2023,-,-,-,-,-,-,-,-,-,-,-,-,-,-,-,-,-,-,-,-,-,-,-,-,-,-,-,-,-,-,-,"0,0"
490,Cabo (Barragem de Gurjaú),jun/2023,"0,8","9,1","0,0","1,6","6,5","2,5","4,5","10,4","8,4","6,6","0,0","24,9","4,9","66,8","96,9","12,2","0,0","2,1","6,3","14,5","1,2","8,7","36,0","17,5","12,5","17,5","79,5","7,2","20,2","103,1",-,"2010,9"
491,Cabo (Barragem de Suape),jun/2023,"2,5","3,7","3,0","1,0","4,3","11,5","18,8","11,0","2,6","1,2","0,0","11,0","4,0","41,2","121,5","13,3","0,0","2,5","2,2","23,5","2,6","6,1","25,5","10,6","5,7","12,8","101,4","5,0","45,6","70,9",-,"1727,2"
603,Cabo (Pirapama),jun/2023,"2,7","0,5","0,0","4,2","1,9","1,3","1,7","14,0","2,8","6,3","0,0","23,2","3,6","41,2","146,1","12,2","0,0","0,8","3,3","23,4","1,5","12,0","42,0","23,9","17,5","14,5","113,0","3,2","30,0","81,1",-,"2119,9"
201,Camaragibe,jun/2023,"5,4","2,8","0,0","0,0","2,8","0,6","1,4","8,1","16,4","2,5","8,5","41,5","1,4","13,4","69,1","15,1","2,6","4,8","3,5","9,3","4,9","5,6","26,4","15,2","12,8","15,6","74,7","6,5","13,2","49,4",-,"1687,6"
28,Goiana (Itapirema - IPA),jun/2023,"3,4","0,0","0,0","0,0","0,6","0,2","0,0","13,8","24,0","17,0","30,0","34,0","1,0","8,8","31,4","27,2","1,8","0,4","0,4","2,8","0,4","2,2","15,0","24,6","5,2","26,2","22,4","7,4","10,4","52,0",-,"1166,4"
487,Goiana - PCD,jun/2023,"2,4","1,4","0,0","0,6","0,4","0,6","2,6","8,4","5,2","20,6","1,0","10,4","4,4","0,6",-,-,-,-,-,-,-,-,-,-,-,-,-,-,-,-,-,"58,6"
100,Igarassu,jun/2023,"1,8","0,8","0,0","0,6","2,0","0,2","0,2","6,2","15,0","22,0","10,0","73,1","11,1","9,1","50,7","6,5","2,8","8,8","0,0","15,1","1,9","6,3","34,0","30,7","6,2","26,4","64,3","3,7","7,1","116,3",-,"1510,2"
269,Igarassu (Bar.Catucá),jun/2023,"4,4","2,7","0,0","0,0","0,0","0,0","0,0","3,5","6,2","25,0","0,0","37,7","4,8","7,3","56,5","7,0","1,4","11,5","1,5","9,3","1,4","7,9","17,3","11,4","4,5","17,2","49,0","2,0","15,1","79,7",-,"1290,4"
294,Igarassu (Usina São José),jun/2023,"0,0","0,0","0,0","0,0","0,0","0,0","0,0","0,0","5,7","10,3","0,0","38,0","7,0","9,5","46,6","3,6","1,5","8,0","0,0","12,0","2,8","3,5","26,0","21,0","3,0","16,0","43,7","2,5","18,0","95,0",-,"1149,4"
387,Ipojuca,jun/2023,"0,0","10,0","0,0","1,0","3,7","15,9","12,7","12,9","5,5","2,2","0,6","12,7","7,3","42,7","114,7","9,1","0,2","2,7","4,7","18,5","3,3","5,3","33,0","20,9","4,6","16,3","98,5","7,1","20,0","85,4",-,"1976,8"
602,Ipojuca (Suape) - PCD,jun/2023,"3,4","4,4","1,2","5,2","8,0","28,4","12,0","2,4","3,2","0,0","0,6","9,8","4,4","59,2","94,0","1,8","1,0","2,4","1,8","25,8","36,0","1,6","35,6","6,4","10,2","21,6","77,8","12,0","41,0","104,2",-,"1680,4"
524,Itamaracá,jun/2023,"8,6","3,0","0,0","0,0","3,9","1,0","7,1","6,6","47,1","2,5","18,0","86,1","1,5","28,3","31,1","43,9","1,5","6,0","0,0","6,7","0,8","6,9","28,4","21,0","9,0","16,8","41,3","10,6","8,5","114,5",-,"1301,1"
520,Itapissuma,jun/2023,"5,5","2,2","0,0","0,0","2,4","0,8","6,5","5,5","34,3","2,8","17,5","58,4","1,4","24,5","32,5","36,4","1,2","3,4","0,0","6,5","0,6","6,5","22,5","17,4","9,5","16,5","40,2","9,5","8,0","96,5",-,"1207,4"
604,Jaboatão (Cidade da Copa) - PCD,jun/2023,"1,8","4,0","0,0","1,0","2,0","1,6","3,4","24,0","21,6","1,8","28,0","22,8","6,0","19,0","80,4","5,0","1,2","4,0","0,4","9,0","8,6","4,6","28,8","32,4","9,4","23,0","60,2","8,2","29,0","81,2",-,"1852,4"
202,Jaboatão dos Guararapes,jun/2023,-,-,-,-,-,-,-,-,-,-,-,-,-,-,-,-,-,-,-,-,-,-,-,-,-,-,-,-,-,-,-,"0,0"
268,Jaboatão dos Guararapes (Bar.Duas Unas),jun/2023,"2,6","8,1","0,2","1,5","2,6","2,0","2,6","10,8","6,2","21,8","0,0","39,5","7,5","12,4","85,5","7,2","0,0","4,9","2,1","7,6","2,7","7,2","32,2","29,5","12,6","12,3","74,3","5,0","20,9","41,0",-,"1787,9"
205,Moreno,jun/2023,"2,1","7,4","0,0","1,4","2,9","2,2","2,1","11,0","5,9","19,9","0,0","38,4","7,9","11,9","79,2","8,1","0,0","4,5","2,0","7,7","2,1","6,9","31,9","32,1","12,9","12,1","74,9","6,1","3,4","39,8",-,"1620,0"
199,Olinda,jun/2023,-,-,-,-,-,-,-,-,-,-,-,-,-,-,-,-,-,-,-,-,-,-,-,-,-,-,-,-,-,-,-,"0,0"
551,Olinda (Academia Santa Gertrudes),jun/2023,"0,6","0,0","0,5","1,0","2,0","0,0","7,5","6,9","5,0","5,0","9,6","83,7","1,1","6,6","61,5","13,3","7,2","3,9","1,2","26,8","1,1","0,3","5,6","18,9","1,3","18,3","84,1","1,3","6,9","65,7",-,"1619,0"
209,Olinda (Alto da Bondade),jun/2023,-,-,-,-,-,-,-,-,-,-,-,-,-,-,-,-,-,-,-,-,-,-,-,"0,0","0,0","0,0","0,0","0,0","0,0","0,0",-,"0,0"
1049,Olinda (Jardim Atlântico),jun/2023,-,-,-,-,-,-,-,-,-,-,-,-,-,-,-,-,-,-,-,-,-,-,-,-,-,-,-,-,-,-,-,"0,0"
451,Paulista,jun/2023,"0,0","3,1","0,0","0,0","4,2","3,7","8,3","4,8","23,7","1,4","22,4","62,0","5,5","13,4","42,9","17,0","7,8","7,3","1,0","15,6","3,0","3,2","23,9","14,1","3,0","31,1","76,0","3,4","18,2","83,3",-,"1631,9"
265,Recife (Alto da Brasileira),jun/2023,"0,0","0,0","0,0","1,2","1,0","0,9","3,7","7,0","6,6",-,"0,0","41,5",-,-,"58,5",-,"0,8","6,7","0,0","8,1","2,4","6,2","30,5","21,1","8,8","10,3","74,1","3,2","14,2","67,9",-,"1554,1"
196,Recife (Codecipe / Santo Amaro),jun/2023,"2,2","0,0","0,0","7,4","2,2","0,0","16,4","0,0","6,4","7,2","24,0","54,0","2,2","7,4","60,8","9,9","0,9","7,4","0,3","11,9","1,8","2,4","15,8","9,1","3,8","15,0","92,4","5,0","8,6","67,0",-,"1622,6"
30,Recife (Várzea),jun/2023,-,-,-,-,-,-,-,-,-,-,-,-,-,-,-,-,-,-,-,-,-,-,-,-,-,-,-,-,-,-,-,"0,0"
267,São Lourenço da Mata (Tapacurá),jun/2023,"2,7","0,0","0,0","0,0","0,9","0,0","5,1","3,8","4,2","6,1","0,0","27,5","6,9","7,5","78,5","9,7","0,0","6,9","0,0","3,7","1,6","4,2","20,2","18,7","3,9","11,5","60,9","1,8","9,5","35,0",-,"1137,5"
198,Abreu e Lima,jul/2023,"1,9","11,4","20,6","0,0",-,-,"50,5",-,-,-,-,"2,1","0,0","0,0","0,0","4,9","6,7",-,-,-,-,-,-,-,-,-,-,-,-,-,-,"1477,1"
309,Araçoiaba (Granja Cristo Redentor),jul/2023,-,-,-,-,-,-,-,-,-,-,-,-,-,-,-,-,-,-,-,-,-,-,-,-,-,-,-,-,-,-,-,"1210,8"
301,Cabo,jul/2023,-,-,-,-,-,-,-,-,-,-,-,-,-,-,-,-,-,-,-,-,-,-,-,-,-,-,-,-,-,-,-,"0,0"
490,Cabo (Barragem de Gurjaú),jul/2023,"36,6","31,7","16,5","0,0","2,6","12,3","16,0","79,9","10,0","8,2","0,0","1,2","4,5","0,0","0,0","15,1","20,9",-,-,-,-,-,-,-,-,-,-,-,-,-,-,"2010,9"
491,Cabo (Barragem de Suape),jul/2023,"36,5","13,0","16,7","0,0","0,0","14,3","17,2","77,0","12,0","8,0","0,0","0,0","0,8","0,0","0,0","8,2","14,5",-,-,-,-,-,-,-,-,-,-,-,-,-,-,"1727,2"
603,Cabo (Pirapama),jul/2023,"34,9","22,4","12,2","0,2","3,2","6,4","23,7","94,6","10,1","8,8","0,0","1,7","0,0","0,0","0,0","3,9","12,2",-,-,-,-,-,-,-,-,-,-,-,-,-,-,"2119,9"
201,Camaragibe,jul/2023,"16,5","12,0","27,0","0,4","1,5","6,5",-,"34,3","9,3","8,3","0,0","0,0","1,8","0,0","0,0","16,5","5,7",-,-,-,-,-,-,-,-,-,-,-,-,-,-,"1687,6"
28,Goiana (Itapirema - IPA),jul/2023,"3,6","5,6","21,0","0,2","3,0","0,2","117,2","2,0","7,4","1,4","0,0","0,0","0,0","0,0","0,0","0,6","4,0",-,-,-,-,-,-,-,-,-,-,-,-,-,-,"1166,4"
487,Goiana - PCD,jul/2023,-,-,-,-,-,-,-,-,-,-,-,-,-,-,-,-,-,-,-,-,-,-,-,-,-,-,-,-,-,-,-,"58,6"
100,Igarassu,jul/2023,"12,0","6,5","21,0","0,0","0,0","2,5","28,0","31,1","8,3","3,0","0,6","0,7","0,0","0,0","0,0","7,7","2,2",-,-,-,-,-,-,-,-,-,-,-,-,-,-,"1510,2"
269,Igarassu (Bar.Catucá),jul/2023,"24,2","5,2","12,5","0,0","0,0","0,0","0,0","34,2","2,5","2,2","0,0","1,5","0,0","0,0","0,0","10,0","15,5",-,-,-,-,-,-,-,-,-,-,-,-,-,-,"1290,4"
294,Igarassu (Usina São José),jul/2023,-,-,-,-,-,-,-,"12,0","5,0","6,5","0,0","1,0","0,0","0,0",-,-,-,-,-,-,-,-,-,-,-,-,-,-,-,-,-,"1149,4"
387,Ipojuca,jul/2023,"21,1","11,3","14,1","0,0","4,8","15,1","11,4","58,8","13,6","3,7","0,0","5,8","0,4","0,0","0,0","10,7","17,3",-,-,-,-,-,-,-,-,-,-,-,-,-,-,"1976,8"
602,Ipojuca (Suape) - PCD,jul/2023,"12,0","42,0","11,6","1,4","0,6","19,8","46,2","20,8","5,4","0,0","0,0","0,2","0,0","0,0","0,0","3,0","15,0",-,-,-,-,-,-,-,-,-,-,-,-,-,-,"1680,4"
524,Itamaracá,jul/2023,"24,3","17,5","27,0","0,8","3,1","2,2",-,"5,3","8,2","12,4","1,8","0,5","0,0","0,0",-,-,-,-,-,-,-,-,-,-,-,-,-,-,-,-,-,"1301,1"
520,Itapissuma,jul/2023,"22,0","12,5","25,4","0,5","2,8","2,0",-,"4,5","6,5","11,5","1,6","0,4","0,0","0,0",-,-,-,-,-,-,-,-,-,-,-,-,-,-,-,-,-,"1207,4"
604,Jaboatão (Cidade da Copa) - PCD,jul/2023,"5,8","9,2","12,4","0,0","4,6","6,0","80,4","28,6","11,2","0,0","0,0","0,8","0,0","0,0","1,0","8,0","12,2",-,-,-,-,-,-,-,-,-,-,-,-,-,-,"1852,4"
202,Jaboatão dos Guararapes,jul/2023,-,-,-,-,-,-,-,-,-,-,-,-,-,-,-,-,-,-,-,-,-,-,-,-,-,-,-,-,-,-,-,"0,0"
268,Jaboatão dos Guararapes (Bar.Duas Unas),jul/2023,"29,6","10,9","9,3","0,0","2,1","5,2","26,0","5,3","12,2","7,9","0,0","0,6","0,3","0,0","0,0","10,5","12,6",-,-,-,-,-,-,-,-,-,-,-,-,-,-,"1787,9"
205,Moreno,jul/2023,"30,0","9,7","8,9","0,0","2,1","5,3",-,"5,1","12,9","8,2",-,"0,4","0,7","0,0",-,-,-,-,-,-,-,-,-,-,-,-,-,-,-,-,-,"1620,0"
199,Olinda,jul/2023,-,-,-,-,-,-,-,-,-,-,-,-,-,-,-,-,-,-,-,-,-,-,-,-,-,-,-,-,-,-,-,"0,0"
551,Olinda (Academia Santa Gertrudes),jul/2023,"7,9","7,9","23,1","2,7","0,0","4,0","32,1","50,2","6,5","0,0","0,1","0,0","0,5","0,0","0,3","3,1","10,8",-,-,-,-,-,-,-,-,-,-,-,-,-,-,"1619,0"
209,Olinda (Alto da Bondade),jul/2023,-,-,-,-,-,-,-,-,-,-,-,-,-,-,-,-,-,-,-,-,-,-,-,-,-,-,-,-,-,-,-,"0,0"
1049,Olinda (Jardim Atlântico),jul/2023,-,-,-,-,-,-,-,-,-,-,-,-,-,-,-,-,-,-,-,-,-,-,-,-,-,-,-,-,-,-,-,"0,0"
451,Paulista,jul/2023,"5,1","17,7","39,4","9,9","6,9",-,-,"30,6","0,4","3,0","0,0",-,-,-,-,-,-,-,-,-,-,-,-,-,-,-,-,-,-,-,-,"1631,9"
265,Recife (Alto da Brasileira),jul/2023,"26,9","10,2","10,2","0,0","4,5","8,5","24,5","40,1","10,3",-,"0,0","0,5","1,0","0,0","0,6","4,2","20,5",-,-,-,-,-,-,-,-,-,-,-,-,-,-,"1554,1"
196,Recife (Codecipe / Santo Amaro),jul/2023,"29,6","7,2","23,8","0,6","1,0","3,0","28,6","54,2","24,2","0,5","0,0","2,0","0,8","0,0","0,0","0,0","19,2",-,-,-,-,-,-,-,-,-,-,-,-,-,-,"1622,6"
30,Recife (Várzea),jul/2023,-,-,-,-,-,-,-,-,-,-,-,-,-,-,-,-,-,-,-,-,-,-,-,-,-,-,-,-,-,-,-,"0,0"
267,São Lourenço da Mata (Tapacurá),jul/2023,"14,2","1,2","6,5","0,0","0,8","1,5","11,2","60,7","7,5","4,2","0,0","0,9","0,0","0,0","0,0","0,9","19,1",-,-,-,-,-,-,-,-,-,-,-,-,-,-,"1137,5"
